"0","585","1990-03-09 09:01:44"
"1","433","1983-12-31 07:36:51"
"2","356","1971-10-26 13:53:48"
"3","844","1983-12-02 16:22:27"
"4","106","1988-01-06 02:15:34"
"5","664","1981-09-17 04:39:51"
"6","636","1995-08-04 11:31:34"
"7","415","2004-03-20 14:49:43"
"8","177","1971-11-02 16:39:40"
"9","492","1984-03-31 03:57:42"
"10","219","1975-08-27 13:16:55"
"11","384","2011-01-03 14:12:03"
"12","228","2000-06-07 15:06:27"
"13","288","1988-09-20 13:53:11"
"14","694","2012-02-04 01:34:04"
"15","247","2004-03-27 06:31:15"
"16","558","1979-03-17 01:51:00"
"17","373","2008-10-21 10:39:59"
"18","648","2002-01-26 08:04:30"
"19","894","1972-08-21 23:36:18"
"20","765","1984-11-16 02:43:46"
"21","572","1988-09-05 12:30:46"
"22","421","1999-06-08 02:01:29"
"23","394","1988-12-22 11:06:03"
"24","401","2001-06-01 13:17:10"
"25","517","2015-09-06 02:02:31"
"26","499","2019-10-18 20:14:05"
"27","618","2003-06-20 04:09:10"
"28","444","2021-09-11 21:41:28"
"29","758","2000-06-19 16:18:35"
"30","341","1996-12-30 22:03:58"
"31","384","2003-12-10 03:58:49"
"32","239","1976-01-05 04:49:37"
"33","888","2017-03-07 12:26:11"
"34","307","2017-01-13 15:06:53"
"35","683","2012-07-06 03:07:32"
"36","914","1993-07-25 15:36:00"
"37","210","1986-12-25 03:37:53"
"38","455","1977-06-12 23:46:22"
"39","573","2019-07-16 06:53:14"
"40","615","2012-07-11 08:33:36"
"41","195","1977-02-23 06:58:48"
"42","798","1994-04-14 20:51:23"
"43","138","1999-06-23 13:41:21"
"44","230","2009-03-01 17:29:09"
"45","641","1979-03-29 19:28:46"
"46","811","1987-08-18 01:33:03"
"47","512","1988-03-21 14:44:01"
"48","837","1973-08-10 09:32:06"
"49","301","2014-11-05 00:56:31"
"50","253","2004-10-01 11:04:43"
"51","213","2007-02-05 10:59:27"
"52","58","2010-02-01 07:52:25"
"53","707","1998-11-23 11:59:10"
"54","461","1985-10-09 23:47:24"
"55","336","2009-06-24 22:29:39"
"56","45","1972-01-23 08:58:53"
"57","956","1978-10-22 10:45:50"
"58","402","1978-08-31 05:48:33"
"59","473","2020-07-03 20:53:35"
"60","187","1975-01-07 14:15:30"
"61","850","2011-07-07 22:54:10"
"62","696","2012-05-05 22:27:23"
"63","987","1970-03-14 17:00:25"
"64","352","1979-03-06 15:31:38"
"65","913","2017-09-30 21:52:56"
"66","867","1992-03-01 14:58:03"
"67","905","1992-09-10 17:47:35"
"68","902","2017-11-03 06:15:54"
"69","210","1988-01-28 11:15:37"
"70","35","1991-07-05 07:56:28"
"71","617","2006-10-04 17:34:19"
"72","891","2005-11-16 19:41:41"
"73","368","2014-12-08 23:38:45"
"74","316","1983-11-21 18:56:00"
"75","736","1979-08-30 02:53:19"
"76","209","2001-01-12 20:16:43"
"77","362","1995-10-19 23:29:21"
"78","814","2003-12-30 14:47:53"
"79","263","1989-02-17 17:32:13"
"80","227","1994-09-06 11:01:44"
"81","557","1998-08-31 10:54:04"
"82","804","2005-04-08 23:37:57"
"83","535","1994-12-22 22:37:21"
"84","566","2020-08-26 05:30:02"
"85","348","1981-11-06 17:23:11"
"86","279","1973-08-26 03:32:07"
"87","693","1980-03-14 04:23:13"
"88","850","1979-02-23 14:07:43"
"89","667","1998-09-28 23:12:48"
"90","454","2020-04-11 03:02:14"
"91","412","1992-10-23 19:55:05"
"92","273","2007-09-25 21:06:54"
"93","569","2003-05-25 18:39:29"
"94","200","1998-11-28 15:06:58"
"95","940","1982-12-20 08:07:32"
"96","181","1986-09-14 07:42:52"
"97","413","1977-09-25 07:16:37"
"98","774","1975-04-17 08:42:16"
"99","362","1991-10-08 23:27:52"
"100","830","2003-09-23 19:04:49"
"101","187","1991-09-03 19:10:53"
"102","369","2009-04-03 09:46:13"
"103","821","1991-07-07 01:44:22"
"104","43","1983-03-12 12:25:51"
"105","879","1971-06-28 13:18:24"
"106","908","1985-07-27 02:58:44"
"107","115","2008-06-13 07:22:11"
"108","390","1991-11-04 19:59:26"
"109","503","2019-03-30 23:04:28"
"110","968","1982-10-15 09:12:02"
"111","905","1981-02-09 18:48:38"
"112","507","2020-10-12 02:33:13"
"113","35","2009-01-13 05:33:41"
"114","66","1977-02-04 17:14:56"
"115","980","2011-02-27 01:15:09"
"116","971","2012-02-27 11:33:38"
"117","632","2021-08-20 19:30:47"
"118","30","1973-05-31 22:21:06"
"119","81","1972-08-29 01:59:51"
"120","411","1988-06-06 20:30:34"
"121","536","1997-08-11 08:52:42"
"122","919","2010-06-30 20:25:18"
"123","103","1992-09-18 22:18:42"
"124","810","1980-08-03 17:21:55"
"125","548","2005-11-06 16:42:02"
"126","213","2011-09-16 14:50:49"
"127","61","2015-01-29 02:45:25"
"128","547","2011-11-07 09:09:43"
"129","173","2015-11-21 13:35:49"
"130","770","2005-07-01 11:26:10"
"131","733","2017-02-28 08:27:40"
"132","981","2010-09-26 10:47:42"
"133","270","2006-09-01 08:36:17"
"134","426","1984-08-19 03:42:15"
"135","135","1990-08-16 10:28:36"
"136","327","2005-10-28 06:59:55"
"137","228","1989-11-16 18:41:06"
"138","280","1977-01-03 02:41:21"
"139","324","2010-10-23 11:11:10"
"140","855","1992-11-14 08:22:03"
"141","868","2004-09-01 11:36:04"
"142","34","1985-10-18 02:02:11"
"143","298","2016-07-19 22:58:39"
"144","789","2015-06-29 16:39:47"
"145","431","1999-06-21 01:00:44"
"146","704","1995-06-16 12:41:05"
"147","559","1972-03-26 07:57:46"
"148","974","2002-06-21 03:53:39"
"149","31","2014-09-29 11:58:18"
"150","976","1975-08-04 02:46:24"
"151","924","1983-05-07 12:38:26"
"152","420","1980-05-12 06:42:13"
"153","766","1986-06-16 23:55:36"
"154","397","1990-09-08 23:21:20"
"155","251","2002-11-22 15:08:11"
"156","331","1993-10-21 04:43:39"
"157","264","1990-07-28 04:25:45"
"158","308","2009-07-24 03:59:03"
"159","188","1997-08-15 21:16:58"
"160","254","1989-10-22 22:37:30"
"161","218","1979-02-01 11:05:30"
"162","907","1997-11-06 03:32:25"
"163","357","1973-05-28 11:43:33"
"164","375","2001-07-18 15:53:43"
"165","663","1977-05-10 20:19:40"
"166","133","1980-01-16 21:16:39"
"167","632","1980-02-07 03:00:53"
"168","219","1994-05-22 04:14:59"
"169","940","1972-03-22 07:45:35"
"170","4","1982-09-06 02:59:05"
"171","870","1970-02-05 21:54:54"
"172","63","2011-12-11 21:09:42"
"173","800","2009-04-04 09:34:14"
"174","73","1997-06-10 23:23:15"
"175","582","2019-07-22 07:14:37"
"176","822","1993-09-21 14:09:28"
"177","279","1978-04-09 08:18:52"
"178","832","2020-03-20 04:43:38"
"179","556","1986-08-27 07:31:31"
"180","397","2018-05-10 07:44:49"
"181","221","2019-11-24 11:32:39"
"182","572","1984-05-21 14:35:33"
"183","683","2019-12-22 14:43:41"
"184","288","1985-08-25 07:17:01"
"185","346","2019-10-11 11:49:32"
"186","126","1990-12-02 07:51:42"
"187","199","2005-10-23 04:46:50"
"188","821","1970-08-29 04:50:29"
"189","669","1985-10-01 05:02:25"
"190","65","1986-03-24 11:41:47"
"191","618","1981-06-18 03:31:14"
"192","144","1991-07-01 00:19:20"
"193","212","1977-05-21 05:55:49"
"194","547","1985-07-06 07:49:30"
"195","815","1998-01-03 10:48:00"
"196","367","1980-07-22 18:49:34"
"197","681","2016-10-23 00:45:28"
"198","326","2013-05-05 10:20:10"
"199","711","1983-05-19 16:22:54"
"200","197","2018-10-26 00:14:50"
"201","340","2016-08-08 07:23:39"
"202","728","1997-06-29 17:01:30"
"203","235","1988-08-17 10:21:45"
"204","684","1972-10-17 10:08:50"
"205","234","2012-11-30 15:04:27"
"206","972","1986-02-12 09:34:52"
"207","570","1991-04-28 07:08:47"
"208","379","1999-05-29 18:24:38"
"209","2","1979-05-10 00:36:50"
"210","684","2008-04-12 00:20:26"
"211","405","1991-05-14 08:09:35"
"212","99","1973-06-22 09:39:46"
"213","44","1974-03-30 15:28:04"
"214","479","1988-07-16 04:58:12"
"215","397","2021-12-05 13:05:39"
"216","714","2008-02-18 01:32:32"
"217","169","2009-06-15 20:10:47"
"218","597","2008-01-29 05:46:04"
"219","175","2012-10-15 00:59:17"
"220","613","2004-08-22 15:38:22"
"221","646","2003-03-26 15:44:31"
"222","860","2008-12-29 15:01:02"
"223","747","1984-09-18 07:27:28"
"224","676","1978-12-08 04:17:50"
"225","544","1999-09-20 11:26:14"
"226","353","2016-03-14 01:05:47"
"227","679","1990-06-08 11:39:09"
"228","536","2015-05-04 23:12:53"
"229","475","2007-04-22 19:38:33"
"230","329","2007-04-17 01:42:14"
"231","407","2001-04-02 00:20:05"
"232","290","1977-01-27 10:14:17"
"233","40","2017-02-10 06:10:01"
"234","829","1971-08-25 21:09:58"
"235","640","2011-10-04 18:24:48"
"236","339","1973-12-22 20:26:11"
"237","913","1994-03-02 09:27:29"
"238","339","1976-09-21 14:03:50"
"239","935","1990-05-11 03:00:49"
"240","749","2000-04-19 05:50:27"
"241","274","1985-07-10 09:24:04"
"242","341","2013-06-19 14:28:18"
"243","328","1983-07-15 23:07:10"
"244","60","1987-05-16 14:58:46"
"245","143","2007-05-29 08:05:46"
"246","500","2008-02-03 01:32:35"
"247","111","1974-09-13 19:15:53"
"248","640","2000-06-11 23:46:39"
"249","268","2008-07-06 19:37:52"
"250","364","2004-01-25 00:17:12"
"251","384","1994-04-20 06:07:34"
"252","658","1988-03-23 18:39:55"
"253","309","2016-06-11 09:12:12"
"254","889","1998-11-15 15:06:38"
"255","831","2016-01-16 10:12:50"
"256","348","1975-06-25 04:43:00"
"257","114","1986-05-30 00:13:26"
"258","204","2018-07-30 11:21:18"
"259","398","1982-03-07 07:53:16"
"260","737","2021-02-04 11:57:51"
"261","5","2008-05-25 20:55:45"
"262","789","1971-03-01 14:25:34"
"263","988","2011-05-16 07:21:20"
"264","269","1998-04-10 06:38:44"
"265","675","2001-11-29 00:58:59"
"266","235","1995-10-25 05:51:02"
"267","10","1987-12-08 23:59:11"
"268","391","2008-12-04 11:12:43"
"269","234","1998-01-13 19:05:57"
"270","800","2005-05-04 10:57:38"
"271","84","1974-01-18 16:42:01"
"272","852","2001-06-06 00:24:22"
"273","778","1984-09-27 05:56:01"
"274","595","2012-01-03 11:04:32"
"275","234","2018-07-23 15:20:42"
"276","863","1975-07-27 20:28:58"
"277","796","1981-10-03 03:27:15"
"278","280","1975-01-16 05:09:01"
"279","831","2008-08-20 10:54:51"
"280","118","1989-12-01 16:09:11"
"281","67","1999-08-09 23:04:37"
"282","628","1978-11-01 03:16:53"
"283","426","1994-05-29 23:51:47"
"284","43","1976-07-03 09:53:26"
"285","19","1979-10-16 14:58:06"
"286","716","2005-01-15 18:59:27"
"287","788","2008-05-20 08:35:58"
"288","773","1986-01-21 19:14:15"
"289","170","1998-05-06 07:09:35"
"290","954","2021-04-16 03:30:49"
"291","485","2006-02-15 06:24:40"
"292","719","1976-06-30 04:43:15"
"293","256","1989-08-24 04:18:58"
"294","963","1988-06-14 19:53:23"
"295","413","1987-08-19 00:41:53"
"296","78","1999-02-16 17:21:51"
"297","816","1979-12-16 01:32:14"
"298","780","1971-04-22 02:57:55"
"299","513","1976-05-31 12:28:20"
"300","910","1971-08-16 10:16:37"
"301","746","1986-12-10 00:07:47"
"302","673","1980-05-11 05:57:57"
"303","419","2016-07-07 21:13:42"
"304","31","1999-01-17 10:08:54"
"305","205","2005-08-11 13:32:15"
"306","986","1981-10-18 13:43:21"
"307","593","1999-12-12 03:46:19"
"308","3","2003-09-08 19:42:04"
"309","524","1985-08-22 12:59:48"
"310","563","1987-07-16 04:45:40"
"311","797","2002-08-27 15:02:03"
"312","696","2012-12-13 08:07:51"
"313","651","1977-08-19 21:46:51"
"314","624","1976-03-25 01:01:21"
"315","710","2014-11-08 19:22:23"
"316","452","1984-04-13 14:11:11"
"317","845","2012-11-03 03:11:22"
"318","444","2003-12-14 06:29:19"
"319","64","2011-01-17 10:09:16"
"320","591","1988-06-03 15:19:03"
"321","495","1997-03-11 13:13:30"
"322","632","2018-01-20 16:36:33"
"323","742","1987-03-30 11:29:05"
"324","761","1988-12-24 22:16:36"
"325","306","1994-01-20 01:02:18"
"326","471","1985-10-06 14:11:53"
"327","233","1977-06-27 01:20:25"
"328","746","2010-05-20 09:04:06"
"329","996","1975-10-28 11:39:48"
"330","449","1984-07-16 22:29:52"
"331","194","2007-01-08 05:40:17"
"332","287","1977-08-29 17:58:07"
"333","179","2008-11-21 02:26:58"
"334","33","1986-09-08 16:43:04"
"335","701","1994-02-12 14:16:02"
"336","423","2014-05-13 10:41:36"
"337","40","1990-01-25 09:13:34"
"338","8","2015-11-30 19:52:13"
"339","58","1974-07-21 01:11:15"
"340","894","1988-03-20 17:44:02"
"341","669","2009-04-14 08:58:44"
"342","478","1972-11-01 05:08:20"
"343","248","1975-05-06 23:20:08"
"344","181","1998-07-04 03:27:48"
"345","283","2002-05-08 16:24:19"
"346","367","1984-02-15 18:44:56"
"347","645","1990-07-14 23:51:52"
"348","413","1974-07-04 23:13:06"
"349","797","1985-11-20 18:35:32"
"350","887","2003-08-31 01:47:27"
"351","158","1974-08-19 06:55:20"
"352","666","1975-02-25 16:51:47"
"353","996","1975-05-06 14:47:03"
"354","601","1994-07-21 04:42:20"
"355","363","1993-11-22 03:50:15"
"356","230","2003-09-16 07:41:45"
"357","85","1986-06-09 15:29:09"
"358","863","1978-11-06 13:36:42"
"359","949","1975-02-23 19:47:24"
"360","239","1978-08-25 05:32:30"
"361","961","1989-07-27 07:25:12"
"362","897","2001-08-07 19:23:08"
"363","499","1989-01-09 04:29:39"
"364","338","2005-04-29 01:14:17"
"365","833","1989-07-08 00:14:08"
"366","427","1991-03-21 13:26:34"
"367","92","1982-10-29 13:13:00"
"368","567","2001-06-03 20:56:34"
"369","858","1982-10-19 14:04:44"
"370","725","1990-03-21 11:48:09"
"371","924","2013-04-12 22:03:09"
"372","482","1998-05-29 21:04:49"
"373","627","2014-03-17 01:20:25"
"374","35","2000-02-12 12:22:23"
"375","449","1998-08-20 14:14:35"
"376","806","1979-03-18 12:25:20"
"377","860","2020-03-30 12:55:27"
"378","334","2000-04-28 00:38:45"
"379","928","2002-04-11 14:01:49"
"380","260","2010-07-14 14:53:08"
"381","195","2014-12-23 19:09:25"
"382","94","1978-10-01 07:29:06"
"383","54","2015-12-23 20:10:24"
"384","956","1998-12-16 19:01:42"
"385","285","2009-03-17 18:45:57"
"386","241","1998-05-27 09:18:12"
"387","214","1983-11-25 09:08:59"
"388","667","2015-11-05 21:29:37"
"389","232","2001-11-30 10:53:53"
"390","390","2011-04-14 02:34:25"
"391","705","2009-03-11 11:02:56"
"392","703","2018-10-13 07:03:56"
"393","263","1970-04-02 22:57:40"
"394","45","1982-10-28 04:36:22"
"395","220","1976-12-04 05:17:44"
"396","273","2009-01-04 00:10:21"
"397","920","1979-04-20 13:30:38"
"398","671","1988-05-12 00:30:45"
"399","531","1987-11-09 14:11:33"
"400","136","2008-11-12 14:00:10"
"401","182","2010-11-07 16:37:41"
"402","331","2016-12-01 09:59:56"
"403","337","1981-06-06 01:45:49"
"404","377","2003-05-09 00:43:53"
"405","646","2011-07-03 12:36:20"
"406","869","1989-01-03 12:36:51"
"407","595","2011-06-25 14:51:27"
"408","379","1989-08-07 18:40:29"
"409","655","1989-12-08 10:00:52"
"410","926","2006-11-01 06:15:00"
"411","721","2015-07-25 05:59:31"
"412","543","2019-04-01 16:51:49"
"413","127","1992-10-21 05:33:38"
"414","603","1973-05-15 00:26:08"
"415","854","2012-05-04 02:02:48"
"416","168","1989-01-09 12:18:09"
"417","550","2005-05-11 17:54:21"
"418","13","2011-09-27 14:51:20"
"419","792","1988-11-26 03:18:07"
"420","405","1971-06-26 12:59:54"
"421","634","1979-12-08 14:21:34"
"422","957","1973-03-13 22:10:09"
"423","914","1978-06-11 04:11:57"
"424","800","1986-03-28 00:55:55"
"425","312","2015-11-16 21:15:43"
"426","127","2012-10-03 13:56:10"
"427","953","1986-07-26 12:17:40"
"428","741","1983-03-14 01:57:40"
"429","161","1989-03-28 09:34:35"
"430","407","2011-12-13 10:27:15"
"431","604","1990-10-13 00:05:31"
"432","569","1997-06-06 02:18:20"
"433","875","1981-12-14 09:45:52"
"434","914","1993-07-19 19:20:50"
"435","143","1993-06-27 03:45:00"
"436","624","1979-09-23 10:23:13"
"437","311","2003-08-12 15:51:40"
"438","503","1978-03-02 12:35:35"
"439","632","1978-03-24 08:40:49"
"440","196","1997-07-12 03:08:23"
"441","677","2018-12-12 10:34:51"
"442","177","1980-02-17 14:30:18"
"443","819","1975-08-27 13:26:02"
"444","538","1986-02-24 14:23:31"
"445","806","2001-11-27 16:20:26"
"446","625","2010-10-04 02:39:01"
"447","228","1986-12-25 01:21:51"
"448","717","2007-04-23 09:11:35"
"449","259","2006-11-13 02:24:16"
"450","582","1978-10-01 14:16:50"
"451","344","2008-03-14 07:11:56"
"452","260","1976-01-21 19:42:52"
"453","338","2001-12-17 05:27:26"
"454","636","1971-12-17 04:41:05"
"455","155","1998-01-16 07:17:24"
"456","969","2020-11-08 17:01:10"
"457","448","1995-03-29 00:30:25"
"458","768","2014-10-27 01:26:34"
"459","404","2012-02-26 22:06:37"
"460","706","1973-03-04 21:30:15"
"461","635","1994-05-04 06:54:37"
"462","656","1981-12-11 16:24:46"
"463","318","1999-03-11 14:49:55"
"464","894","2003-10-21 19:14:37"
"465","163","1989-03-12 03:57:31"
"466","563","1988-02-18 13:12:20"
"467","963","1994-09-21 07:29:46"
"468","470","2004-12-04 19:41:28"
"469","156","1992-12-11 11:29:21"
"470","752","1987-01-23 16:20:08"
"471","96","1983-05-06 05:37:04"
"472","393","1979-09-15 16:35:52"
"473","418","2005-09-04 17:06:54"
"474","364","2013-04-28 11:45:23"
"475","202","1983-10-07 17:06:36"
"476","478","2006-08-04 18:51:47"
"477","819","1990-12-08 20:03:33"
"478","923","2004-07-11 06:18:59"
"479","184","2005-10-26 06:39:39"
"480","9","1999-10-26 22:45:13"
"481","844","2011-11-10 03:28:22"
"482","314","2021-07-12 17:35:25"
"483","380","1979-07-03 06:11:29"
"484","636","2019-04-18 02:43:43"
"485","627","1985-08-28 16:52:10"
"486","978","1990-08-30 13:05:49"
"487","220","2014-05-10 00:59:25"
"488","96","1985-10-06 21:36:05"
"489","805","1993-01-11 21:07:38"
"490","777","1977-04-25 08:07:57"
"491","978","2009-06-26 00:31:50"
"492","309","1981-07-18 16:43:41"
"493","511","1997-05-07 00:05:41"
"494","930","1978-08-22 01:50:47"
"495","793","1975-02-18 14:02:29"
"496","822","1978-04-10 19:04:45"
"497","921","2000-02-14 21:43:02"
"498","251","1976-06-12 16:21:11"
"499","171","2005-06-07 21:50:24"
"500","19","2019-06-24 10:07:24"
"501","625","1989-07-15 20:50:16"
"502","74","2008-06-13 08:13:27"
"503","972","1977-03-27 05:36:34"
"504","95","2003-01-26 17:37:28"
"505","751","1981-05-27 04:16:20"
"506","368","1990-08-11 16:24:10"
"507","204","1979-09-27 04:40:49"
"508","130","1990-12-17 08:43:47"
"509","241","1984-07-27 23:45:01"
"510","987","1978-05-20 00:11:15"
"511","169","1978-09-17 14:23:06"
"512","3","2017-04-02 19:44:07"
"513","295","2007-09-23 19:01:31"
"514","645","1990-11-05 13:42:44"
"515","924","2019-07-07 09:59:39"
"516","188","1971-09-11 09:25:50"
"517","148","2016-06-30 09:47:15"
"518","907","1977-06-13 15:00:45"
"519","242","1985-09-15 04:49:35"
"520","527","1993-12-25 05:07:57"
"521","304","2017-01-21 18:10:49"
"522","687","1993-03-07 13:58:21"
"523","553","2003-03-05 10:07:31"
"524","604","1990-06-13 15:41:13"
"525","555","2005-04-15 13:22:48"
"526","67","1970-09-10 22:57:50"
"527","212","2003-06-23 13:22:33"
"528","967","1995-01-31 18:19:28"
"529","136","2008-02-19 20:29:03"
"530","495","2017-05-18 04:34:36"
"531","808","1999-03-30 13:57:18"
"532","267","1982-07-30 06:08:48"
"533","966","1982-09-17 02:09:11"
"534","48","2007-07-13 01:51:03"
"535","147","2017-10-12 14:56:22"
"536","770","1974-08-15 20:11:18"
"537","976","2006-05-16 16:39:11"
"538","961","1972-04-28 12:11:53"
"539","218","2014-10-10 06:47:00"
"540","935","2021-03-14 06:31:49"
"541","331","1991-01-21 06:22:19"
"542","826","2009-03-02 00:23:32"
"543","214","1981-12-07 13:13:31"
"544","770","1982-10-28 05:40:03"
"545","496","1985-05-08 06:55:04"
"546","278","1997-01-26 07:39:33"
"547","651","2017-02-09 17:26:16"
"548","112","2017-07-31 12:52:14"
"549","576","1994-11-15 09:00:23"
"550","536","1996-10-11 22:10:46"
"551","804","1995-06-19 07:19:16"
"552","147","1971-11-23 18:23:36"
"553","629","2014-03-24 11:20:41"
"554","175","2019-08-12 05:48:50"
"555","700","1983-06-14 09:27:27"
"556","145","2006-02-09 22:47:11"
"557","130","1978-09-09 08:43:01"
"558","569","1991-08-17 04:15:21"
"559","128","2015-01-27 14:08:10"
"560","207","1989-04-10 12:38:54"
"561","917","2016-11-14 11:12:08"
"562","58","1981-03-19 09:46:59"
"563","344","1992-03-28 19:27:59"
"564","479","1972-12-24 23:15:55"
"565","279","2018-04-01 22:39:38"
"566","890","1996-07-30 23:01:44"
"567","418","2000-08-27 02:26:15"
"568","534","1999-02-24 01:51:36"
"569","762","2016-06-16 23:08:30"
"570","394","1990-10-20 21:55:08"
"571","935","1998-04-14 10:55:59"
"572","618","1970-08-19 06:09:24"
"573","207","2009-10-05 05:04:02"
"574","432","1985-08-22 09:10:33"
"575","66","2004-08-26 10:00:42"
"576","631","2012-12-14 11:14:18"
"577","86","2018-01-22 02:40:21"
"578","58","1972-05-17 10:12:53"
"579","685","1995-10-05 19:45:49"
"580","691","1986-03-09 06:18:03"
"581","139","1994-01-10 01:15:29"
"582","291","1986-04-29 22:45:14"
"583","302","1970-02-06 14:31:08"
"584","875","1999-08-02 23:53:14"
"585","396","2015-08-09 11:08:26"
"586","394","1988-06-04 15:56:52"
"587","953","2010-11-03 02:29:56"
"588","418","1998-08-31 03:21:04"
"589","707","2018-08-16 16:55:55"
"590","468","1995-09-26 09:00:04"
"591","763","1974-08-05 06:10:21"
"592","514","2007-10-19 03:12:24"
"593","451","2020-12-18 20:47:19"
"594","176","2012-04-26 18:42:23"
"595","194","2002-04-07 19:48:32"
"596","646","1988-04-18 18:46:39"
"597","732","2017-08-24 03:28:44"
"598","700","1978-02-21 13:10:08"
"599","439","1970-07-17 08:57:27"
"600","726","1978-02-11 19:43:41"
"601","512","2019-12-22 11:50:58"
"602","456","2000-12-22 22:00:20"
"603","463","1995-06-05 15:35:02"
"604","578","1980-01-01 15:10:35"
"605","306","2006-01-19 17:06:35"
"606","277","1996-05-15 09:23:09"
"607","836","2002-04-10 02:03:32"
"608","18","1996-02-26 15:10:14"
"609","452","2004-06-19 13:54:05"
"610","538","1984-08-08 14:51:11"
"611","896","1971-08-03 06:37:59"
"612","436","1972-07-29 18:54:17"
"613","873","2003-05-21 07:53:03"
"614","510","2013-05-21 17:25:37"
"615","964","2017-12-11 18:51:18"
"616","382","2010-03-22 04:56:24"
"617","931","1971-07-03 22:07:42"
"618","505","1986-01-01 00:43:11"
"619","516","1976-11-14 18:07:29"
"620","962","2010-10-19 11:56:20"
"621","926","2018-10-05 21:28:56"
"622","369","2007-02-06 23:38:59"
"623","562","1986-06-12 15:10:07"
"624","717","1978-05-09 13:32:49"
"625","710","1998-09-21 20:27:39"
"626","372","1975-04-09 12:07:26"
"627","868","1994-09-23 13:08:40"
"628","648","1993-03-02 23:06:23"
"629","895","1999-09-25 14:57:02"
"630","998","1997-06-02 21:08:40"
"631","469","1987-02-16 07:58:42"
"632","16","1977-06-12 12:34:18"
"633","562","1998-10-11 09:05:04"
"634","710","2009-06-10 12:00:06"
"635","519","1976-10-20 05:15:43"
"636","0","1992-07-14 11:12:48"
"637","627","1994-04-04 12:23:10"
"638","272","1979-08-26 19:07:13"
"639","906","2008-09-30 02:19:07"
"640","616","1992-08-03 18:47:23"
"641","876","1977-11-22 00:42:49"
"642","939","1981-03-22 03:46:12"
"643","480","1989-12-07 04:53:34"
"644","348","1993-07-03 04:53:41"
"645","962","2016-11-12 15:39:26"
"646","206","2012-03-07 10:21:31"
"647","183","1990-06-20 12:02:40"
"648","77","1970-12-25 05:16:52"
"649","502","1984-05-15 16:56:53"
"650","587","1990-04-01 08:00:21"
"651","864","2003-11-19 18:21:55"
"652","941","1994-12-13 10:38:23"
"653","568","1977-02-01 19:50:11"
"654","483","2009-02-12 06:11:48"
"655","955","1982-03-16 00:27:54"
"656","949","1970-04-09 22:05:41"
"657","396","1970-06-02 03:29:55"
"658","948","2003-07-25 15:28:06"
"659","805","2006-08-22 09:36:16"
"660","302","1974-07-01 02:25:57"
"661","788","1972-12-26 01:59:36"
"662","282","1979-09-09 14:22:33"
"663","424","1980-08-15 15:01:33"
"664","7","1998-11-16 22:24:50"
"665","248","1991-04-02 06:28:34"
"666","991","1992-02-26 04:33:32"
"667","61","2004-11-21 15:12:25"
"668","994","1984-10-18 19:51:48"
"669","180","2004-02-02 23:23:17"
"670","176","1973-01-23 20:11:44"
"671","218","2017-08-23 02:56:40"
"672","903","1975-01-29 08:02:26"
"673","360","1996-04-07 07:52:18"
"674","152","2012-06-28 19:08:05"
"675","906","2000-07-09 17:25:12"
"676","982","1989-08-07 17:38:10"
"677","20","1990-11-04 06:33:52"
"678","711","2020-08-03 06:35:51"
"679","769","1993-10-06 19:14:38"
"680","669","1978-07-29 01:26:29"
"681","649","2008-06-01 05:39:20"
"682","377","1982-10-20 09:51:30"
"683","798","1996-07-20 09:24:20"
"684","777","1975-10-06 22:04:41"
"685","910","1999-03-15 19:23:59"
"686","119","1995-07-14 15:05:39"
"687","619","1978-02-01 20:12:33"
"688","563","1982-04-17 20:03:27"
"689","713","1979-02-28 11:05:01"
"690","150","2004-07-07 14:52:44"
"691","442","1981-09-15 07:11:01"
"692","381","1999-04-16 09:02:55"
"693","659","1996-03-15 09:07:50"
"694","362","2021-10-17 23:23:21"
"695","844","2013-12-06 07:23:36"
"696","213","2003-03-19 05:47:52"
"697","189","1985-05-06 04:07:22"
"698","14","1981-09-13 15:01:51"
"699","287","2005-08-09 08:41:17"
"700","788","1979-04-11 12:49:21"
"701","247","1992-12-22 12:38:52"
"702","972","1994-11-05 02:35:24"
"703","784","2006-11-12 13:29:59"
"704","618","1987-05-26 23:46:39"
"705","704","1990-01-14 07:10:29"
"706","146","1980-04-25 09:50:19"
"707","598","2006-02-14 16:01:14"
"708","688","2005-09-10 18:43:10"
"709","69","1984-11-23 01:02:21"
"710","928","2020-09-02 18:33:38"
"711","736","1986-03-22 19:44:28"
"712","122","1983-12-26 08:31:25"
"713","77","2015-07-05 06:20:14"
"714","938","1988-07-11 06:11:59"
"715","996","1988-02-06 13:48:52"
"716","38","2002-01-26 23:52:58"
"717","654","1988-10-03 09:49:04"
"718","551","2003-08-01 22:14:43"
"719","446","1985-05-31 19:34:55"
"720","910","1998-05-27 14:20:41"
"721","594","2011-11-26 18:39:58"
"722","65","2013-06-21 23:39:34"
"723","120","1980-11-29 22:41:24"
"724","823","2008-12-02 20:36:55"
"725","293","1972-12-13 20:08:57"
"726","354","2018-12-27 20:11:24"
"727","220","2021-10-16 19:03:21"
"728","669","1994-05-08 17:14:06"
"729","954","1978-09-03 07:22:59"
"730","381","2009-12-17 21:28:19"
"731","819","2019-12-16 06:04:36"
"732","777","1974-09-10 01:37:24"
"733","904","1990-09-15 18:54:50"
"734","567","1980-11-08 09:18:23"
"735","770","2002-12-06 11:37:14"
"736","637","1996-10-29 12:16:50"
"737","951","1977-06-19 12:18:49"
"738","865","2013-12-29 00:13:12"
"739","985","2004-06-17 14:15:17"
"740","552","2016-10-09 21:21:40"
"741","611","1988-05-13 17:20:17"
"742","578","2019-05-03 19:43:13"
"743","398","1984-09-26 23:15:26"
"744","209","2011-03-26 19:56:30"
"745","549","1987-05-30 13:14:51"
"746","418","1981-11-29 20:06:00"
"747","932","1980-09-02 02:48:45"
"748","18","2007-03-22 19:00:50"
"749","151","2020-12-06 16:14:56"
"750","137","1977-11-30 16:18:20"
"751","992","1975-05-04 11:02:10"
"752","772","1970-11-07 14:44:48"
"753","193","1985-08-15 13:09:25"
"754","244","2000-06-30 20:37:01"
"755","322","1977-03-25 21:17:41"
"756","907","2019-12-10 18:07:37"
"757","375","1983-02-04 21:14:00"
"758","646","1979-02-01 14:22:09"
"759","759","2014-05-12 11:40:39"
"760","454","1997-08-28 12:11:10"
"761","209","1972-09-28 21:46:58"
"762","469","1993-02-13 15:39:59"
"763","810","2015-04-03 05:16:57"
"764","857","2013-12-09 09:50:04"
"765","723","2003-03-22 18:54:17"
"766","48","1997-02-17 07:13:06"
"767","427","2012-09-13 06:42:54"
"768","586","1978-11-20 11:43:26"
"769","836","2020-10-03 23:24:47"
"770","666","2021-01-25 16:05:24"
"771","186","2012-09-26 15:43:12"
"772","881","1973-04-06 13:38:20"
"773","857","1981-02-04 14:25:08"
"774","460","1979-12-05 05:44:55"
"775","508","1999-08-15 04:04:50"
"776","560","1976-09-18 04:43:10"
"777","995","1999-12-28 19:40:02"
"778","463","2003-01-05 12:47:00"
"779","281","2011-05-18 04:04:41"
"780","314","1977-02-09 02:08:10"
"781","948","2002-07-05 09:29:14"
"782","888","2007-10-21 14:52:36"
"783","859","2006-09-12 23:09:38"
"784","804","2014-01-18 14:32:17"
"785","148","1996-12-28 08:00:05"
"786","964","2006-03-06 00:28:37"
"787","70","1976-04-18 07:25:19"
"788","291","2020-06-08 18:17:44"
"789","792","1994-01-30 07:08:27"
"790","554","1993-05-29 07:42:23"
"791","357","1970-03-27 21:26:57"
"792","734","2013-06-11 00:46:14"
"793","185","2010-09-14 19:33:03"
"794","890","2020-11-02 23:12:46"
"795","633","2008-10-19 18:04:27"
"796","69","1988-09-20 21:36:12"
"797","925","1978-10-26 14:02:13"
"798","534","2015-09-17 22:22:12"
"799","827","2021-03-06 21:46:38"
"800","133","1998-05-20 16:24:32"
"801","480","1987-05-04 20:13:00"
"802","223","1991-03-12 23:43:04"
"803","830","1983-05-08 07:38:50"
"804","458","1990-06-17 19:53:07"
"805","942","1980-04-28 23:25:40"
"806","108","1971-07-28 07:15:23"
"807","907","2012-05-07 01:54:50"
"808","741","2013-07-10 14:59:16"
"809","504","1986-01-26 03:19:57"
"810","113","1976-06-15 08:42:36"
"811","142","1989-02-08 01:40:34"
"812","984","2005-06-01 03:00:54"
"813","751","1971-07-28 18:08:56"
"814","174","1987-11-24 09:04:54"
"815","159","1973-08-29 22:02:03"
"816","868","1996-10-07 23:04:45"
"817","11","1971-12-03 12:56:46"
"818","758","1971-02-15 05:29:23"
"819","392","2002-07-10 11:51:22"
"820","526","2004-03-07 12:07:25"
"821","343","2008-11-20 17:41:58"
"822","317","1989-03-28 18:31:49"
"823","360","2005-07-11 16:40:27"
"824","698","2018-09-22 05:36:55"
"825","661","1980-07-20 04:44:21"
"826","108","2012-06-26 18:42:05"
"827","727","1981-03-18 14:54:52"
"828","965","2000-12-09 07:14:34"
"829","322","2018-12-17 19:15:47"
"830","844","1978-05-29 17:40:26"
"831","288","1998-01-04 08:13:29"
"832","487","2006-09-28 11:20:42"
"833","567","1993-12-30 22:50:21"
"834","547","1993-12-19 03:57:17"
"835","697","1999-05-22 10:37:06"
"836","486","1978-12-11 16:44:53"
"837","682","2018-11-19 02:13:54"
"838","613","1976-05-18 12:02:26"
"839","608","1996-03-07 17:16:27"
"840","135","2019-06-18 17:22:24"
"841","913","1994-11-23 13:01:31"
"842","307","1988-12-23 14:27:49"
"843","994","1994-07-06 16:59:18"
"844","195","2016-11-23 14:28:08"
"845","713","1981-11-24 02:24:11"
"846","838","2011-10-03 15:55:44"
"847","189","2008-11-09 00:54:44"
"848","856","2003-04-09 02:03:00"
"849","54","1978-01-13 03:59:00"
"850","387","2001-04-03 13:03:16"
"851","661","1990-11-30 11:56:57"
"852","625","2011-08-10 03:25:40"
"853","107","1983-02-15 14:26:52"
"854","104","2020-10-16 09:29:18"
"855","942","1987-05-22 12:56:32"
"856","977","2018-06-16 11:32:52"
"857","138","2001-10-10 22:48:04"
"858","131","2020-09-01 09:00:48"
"859","947","2001-01-04 10:01:48"
"860","505","1977-01-17 22:12:08"
"861","782","1993-04-01 19:57:26"
"862","956","1993-12-23 20:18:08"
"863","22","1997-07-04 15:38:20"
"864","575","2015-06-21 17:44:53"
"865","667","1980-12-24 00:28:06"
"866","595","2005-10-16 00:32:25"
"867","183","2017-01-21 20:47:25"
"868","964","2009-02-16 12:27:01"
"869","745","1978-08-19 22:27:41"
"870","251","1999-05-25 19:15:04"
"871","268","2018-08-17 03:05:44"
"872","643","2011-05-12 13:42:30"
"873","739","1987-06-07 17:21:37"
"874","164","1985-06-23 05:38:54"
"875","749","1985-11-22 05:01:40"
"876","34","2007-01-03 23:33:42"
"877","866","2015-04-19 03:16:18"
"878","389","1990-09-09 17:13:13"
"879","965","1988-08-27 13:00:58"
"880","647","2019-07-25 08:40:25"
"881","959","1991-10-08 16:16:50"
"882","199","2005-06-09 20:19:34"
"883","389","2004-05-31 15:33:22"
"884","602","2019-10-27 03:08:16"
"885","91","1999-06-06 16:27:31"
"886","281","1985-09-19 11:43:28"
"887","39","2019-01-23 09:36:13"
"888","395","1995-08-08 10:30:39"
"889","444","1978-05-12 03:36:38"
"890","518","1984-04-28 11:03:13"
"891","451","1972-01-15 09:40:19"
"892","470","1972-02-02 08:35:02"
"893","637","2015-08-17 04:48:53"
"894","21","1974-12-18 07:02:47"
"895","615","1978-08-22 12:12:45"
"896","95","1988-06-26 02:04:49"
"897","897","1979-12-03 18:01:25"
"898","547","1990-05-01 23:44:48"
"899","797","1976-05-26 05:00:26"
"900","515","2007-06-06 07:15:11"
"901","406","1973-06-26 19:47:42"
"902","590","1978-12-09 06:01:40"
"903","642","1991-09-13 05:15:58"
"904","588","2012-12-16 11:24:13"
"905","828","1995-10-05 14:42:11"
"906","931","1997-02-27 11:42:34"
"907","136","1990-06-29 04:55:41"
"908","872","1984-05-25 10:16:17"
"909","440","1989-06-22 21:18:59"
"910","889","1978-07-24 01:03:45"
"911","393","2017-10-14 17:26:54"
"912","245","1974-03-09 08:23:23"
"913","908","2019-04-04 22:05:57"
"914","715","2009-06-10 06:10:46"
"915","804","1988-06-05 20:38:35"
"916","222","1985-07-02 14:57:14"
"917","487","2002-08-26 00:40:03"
"918","165","2010-03-28 21:48:36"
"919","628","1985-02-27 14:12:52"
"920","654","2007-11-10 02:53:34"
"921","494","2012-10-15 21:33:13"
"922","995","1987-03-02 00:09:50"
"923","610","2011-10-31 05:56:47"
"924","221","1985-06-12 23:47:18"
"925","608","1985-09-01 12:07:45"
"926","904","2014-12-09 17:53:27"
"927","461","2001-02-26 20:56:40"
"928","434","1981-09-10 00:12:15"
"929","291","1993-03-26 16:23:02"
"930","752","2018-08-09 12:33:20"
"931","848","2004-03-02 07:09:28"
"932","522","2015-10-09 00:16:07"
"933","484","1978-06-07 19:33:42"
"934","589","2018-07-13 21:34:48"
"935","592","2012-03-18 19:13:40"
"936","749","2014-12-29 05:35:33"
"937","106","1979-12-22 19:13:02"
"938","306","1998-11-29 22:30:25"
"939","127","1987-10-09 10:56:59"
"940","448","2021-01-17 05:56:47"
"941","627","2004-11-06 11:39:33"
"942","293","1992-09-02 09:33:34"
"943","106","2018-02-03 12:13:38"
"944","344","1975-05-28 20:00:41"
"945","576","2006-03-30 17:45:34"
"946","382","1978-12-05 04:25:50"
"947","368","1993-02-03 22:58:52"
"948","696","1996-07-04 00:14:18"
"949","763","1996-04-03 21:10:07"
"950","493","1972-11-30 17:50:08"
"951","95","1986-06-30 21:48:04"
"952","548","2003-06-03 09:44:38"
"953","104","2004-11-09 03:58:59"
"954","567","1979-08-30 17:45:00"
"955","486","1970-08-28 20:21:05"
"956","36","2002-07-02 22:06:13"
"957","94","1989-06-02 23:35:12"
"958","233","1996-08-05 08:50:11"
"959","469","1995-02-11 06:29:17"
"960","73","2004-06-22 06:10:03"
"961","220","1977-11-13 07:40:17"
"962","765","2005-01-13 19:12:43"
"963","28","1991-01-25 00:27:05"
"964","481","1993-04-09 02:05:54"
"965","4","1990-02-23 14:22:52"
"966","298","1995-01-24 12:07:36"
"967","288","2017-09-04 19:05:15"
"968","255","2021-10-26 08:29:04"
"969","393","2007-10-02 19:42:10"
"970","678","2007-10-08 20:42:04"
"971","780","2003-01-22 10:59:28"
"972","452","1970-08-27 19:52:24"
"973","309","2010-10-31 11:37:39"
"974","919","2014-06-30 02:52:51"
"975","286","2020-05-29 22:05:09"
"976","505","1994-12-27 22:44:57"
"977","785","2004-07-06 01:26:38"
"978","160","2011-11-09 04:50:29"
"979","508","2002-11-30 16:13:05"
"980","274","1973-01-27 17:27:59"
"981","668","2020-05-04 20:13:47"
"982","908","1975-11-17 02:32:22"
"983","439","1998-06-27 03:03:56"
"984","188","1995-06-23 20:59:27"
"985","747","1998-11-26 09:22:59"
"986","939","1988-11-22 23:42:58"
"987","275","2013-03-12 04:10:12"
"988","279","2005-12-13 00:11:49"
"989","13","1973-12-01 09:38:33"
"990","23","1987-03-05 15:04:52"
"991","85","2018-01-23 08:32:24"
"992","170","1982-05-06 14:49:55"
"993","190","1994-04-22 14:51:57"
"994","332","1992-01-10 14:44:08"
"995","668","2005-11-15 03:15:25"
"996","740","2004-04-04 19:35:25"
"997","420","1992-09-19 20:31:02"
"998","580","1986-03-14 19:23:44"
"999","611","2012-04-02 11:59:00"
"1000","819","1990-09-27 05:22:42"
"1001","792","2019-08-15 05:42:54"
"1002","114","2012-02-03 21:51:18"
"1003","99","1985-10-17 08:46:01"
"1004","7","1990-03-25 22:29:10"
"1005","133","1998-07-11 05:48:51"
"1006","367","1977-06-03 06:20:19"
"1007","755","1974-03-17 11:01:47"
"1008","400","1980-10-17 05:34:11"
"1009","669","1988-06-05 22:30:19"
"1010","746","1973-10-28 21:20:08"
"1011","937","1982-05-27 12:51:29"
"1012","607","2018-07-05 07:35:47"
"1013","410","1990-11-08 11:46:54"
"1014","240","1991-10-23 02:01:27"
"1015","69","2020-09-10 15:37:46"
"1016","563","2021-08-29 06:56:45"
"1017","220","1972-06-13 22:40:40"
"1018","32","1971-05-13 08:09:07"
"1019","916","1976-11-08 10:52:03"
"1020","402","1999-10-13 17:29:26"
"1021","641","2005-08-27 12:15:46"
"1022","508","2003-07-27 20:49:15"
"1023","465","1972-10-23 10:19:03"
"1024","703","2019-12-19 20:56:24"
"1025","462","2014-07-08 21:16:57"
"1026","871","2001-10-29 09:49:17"
"1027","433","2009-11-15 05:14:26"
"1028","219","2005-11-20 13:40:14"
"1029","846","2018-04-24 15:34:07"
"1030","398","2020-08-29 04:21:59"
"1031","402","2016-09-30 23:38:26"
"1032","692","1995-11-07 16:54:12"
"1033","284","1973-04-24 10:17:44"
"1034","261","2008-04-14 06:35:14"
"1035","95","1992-02-21 23:50:57"
"1036","526","1971-04-26 01:07:05"
"1037","277","1999-04-29 19:46:42"
"1038","131","1984-04-16 04:26:40"
"1039","599","1988-04-04 04:18:18"
"1040","468","1998-11-22 08:40:32"
"1041","827","2009-10-12 22:35:03"
"1042","871","1998-06-14 23:43:53"
"1043","687","1990-01-16 21:59:55"
"1044","521","2004-10-20 08:49:49"
"1045","507","1994-10-28 07:19:03"
"1046","740","2006-09-27 12:24:38"
"1047","636","2008-06-14 03:53:29"
"1048","221","1993-02-18 21:03:42"
"1049","90","1971-09-13 02:26:45"
"1050","805","2021-03-26 08:37:14"
"1051","498","1978-01-20 06:12:42"
"1052","152","1973-07-31 04:18:19"
"1053","860","2005-07-16 12:35:37"
"1054","501","1990-04-03 19:03:06"
"1055","818","1987-07-04 14:17:32"
"1056","163","1979-03-31 07:52:39"
"1057","314","1974-01-10 22:09:05"
"1058","583","2016-12-02 16:47:40"
"1059","805","2008-09-24 10:01:47"
"1060","330","1995-09-17 03:06:40"
"1061","258","2007-03-24 00:41:17"
"1062","168","2007-10-10 09:29:29"
"1063","724","1977-06-08 23:08:21"
"1064","682","1982-05-20 13:24:10"
"1065","742","1975-05-21 11:57:46"
"1066","527","2007-11-02 19:23:20"
"1067","404","1992-03-03 10:33:50"
"1068","508","2012-03-03 19:23:45"
"1069","145","2002-06-09 22:17:52"
"1070","831","1985-11-26 09:39:44"
"1071","660","2020-11-21 06:44:02"
"1072","46","1989-06-21 12:59:01"
"1073","59","1971-09-05 17:22:39"
"1074","868","2014-08-10 12:59:20"
"1075","937","2004-05-20 02:12:31"
"1076","770","1993-12-01 17:16:11"
"1077","114","2015-11-28 12:43:22"
"1078","783","1985-11-06 17:27:34"
"1079","68","2005-04-25 12:25:15"
"1080","879","2007-09-24 18:59:47"
"1081","434","1996-07-21 09:20:52"
"1082","388","1993-05-11 03:47:29"
"1083","225","1971-05-07 13:21:42"
"1084","896","1998-01-21 07:00:50"
"1085","697","1992-03-01 10:42:41"
"1086","174","2013-07-11 00:26:42"
"1087","211","2003-05-14 20:05:31"
"1088","371","1999-11-03 12:41:55"
"1089","895","1996-02-03 13:37:51"
"1090","230","2011-09-14 14:07:13"
"1091","245","2021-03-16 05:29:47"
"1092","996","1983-11-05 19:47:57"
"1093","476","2008-09-28 20:39:38"
"1094","78","1984-09-24 11:21:56"
"1095","116","2017-09-10 13:53:26"
"1096","565","1984-09-30 05:14:21"
"1097","349","1976-10-04 01:47:16"
"1098","492","1971-04-07 03:11:55"
"1099","359","2020-08-01 22:23:01"
"1100","753","2021-02-15 02:40:07"
"1101","22","2018-06-25 01:42:25"
"1102","129","1985-02-26 12:50:30"
"1103","936","1996-06-11 12:22:38"
"1104","826","1975-03-07 22:48:56"
"1105","977","1984-08-29 22:52:26"
"1106","395","1988-03-05 04:44:31"
"1107","874","2012-12-17 10:16:38"
"1108","636","1984-04-13 23:00:10"
"1109","412","1990-05-06 15:50:27"
"1110","781","2012-01-23 04:25:56"
"1111","273","2005-09-13 07:06:52"
"1112","837","1982-10-11 16:55:35"
"1113","979","1984-10-16 09:23:44"
"1114","220","1992-06-21 21:06:25"
"1115","729","2000-08-24 00:19:28"
"1116","431","1977-01-19 16:46:00"
"1117","189","2014-10-16 13:43:38"
"1118","118","1977-04-14 18:51:33"
"1119","982","1971-10-17 00:03:13"
"1120","512","1972-09-17 19:51:18"
"1121","368","1976-04-18 22:24:31"
"1122","696","2004-08-11 00:04:36"
"1123","925","1999-08-07 06:41:44"
"1124","207","2012-12-16 13:55:08"
"1125","973","2011-10-17 16:16:11"
"1126","400","1976-02-28 19:17:32"
"1127","990","1980-12-18 04:18:11"
"1128","629","2021-03-16 09:35:28"
"1129","972","1995-09-21 17:42:16"
"1130","483","2017-05-24 08:22:56"
"1131","177","2021-08-06 05:04:17"
"1132","270","1976-09-11 20:43:57"
"1133","644","2006-05-29 11:37:23"
"1134","785","1975-08-15 02:42:30"
"1135","164","2016-05-20 22:00:32"
"1136","671","2017-11-22 20:48:06"
"1137","66","1975-03-09 13:55:06"
"1138","61","1970-08-12 11:51:52"
"1139","475","2006-10-08 06:44:40"
"1140","393","2013-06-28 19:34:29"
"1141","260","2007-11-12 06:14:41"
"1142","712","1998-08-02 04:00:07"
"1143","471","2012-09-16 10:21:57"
"1144","266","1972-06-26 07:15:24"
"1145","124","2001-03-14 02:29:07"
"1146","417","1971-01-04 20:20:12"
"1147","320","1987-02-10 00:42:43"
"1148","144","2001-02-05 03:31:12"
"1149","379","2014-08-09 05:56:14"
"1150","592","2015-06-29 06:35:39"
"1151","997","2016-02-05 16:40:56"
"1152","310","1977-09-22 09:55:22"
"1153","285","1988-07-18 08:10:39"
"1154","958","1991-05-25 23:36:07"
"1155","505","2012-08-11 16:59:22"
"1156","14","2001-11-27 14:06:29"
"1157","687","1983-12-16 09:17:25"
"1158","157","1996-07-12 08:01:36"
"1159","717","1973-12-06 00:51:35"
"1160","435","1990-07-25 21:07:26"
"1161","756","1985-04-23 22:06:08"
"1162","48","1983-03-30 04:22:48"
"1163","368","2000-09-02 03:42:48"
"1164","987","1979-12-12 15:00:36"
"1165","637","2015-05-19 18:27:28"
"1166","320","2019-05-16 07:34:56"
"1167","259","2002-01-06 05:50:57"
"1168","439","2017-08-13 14:10:08"
"1169","771","1994-08-23 13:52:06"
"1170","272","2002-06-20 06:37:12"
"1171","594","2019-05-07 02:45:40"
"1172","730","2015-05-15 11:45:23"
"1173","86","2011-02-22 21:37:50"
"1174","676","2020-04-05 08:28:48"
"1175","63","2016-01-07 10:33:40"
"1176","688","1971-10-29 17:47:03"
"1177","832","1998-12-29 04:47:46"
"1178","598","1976-08-19 17:29:00"
"1179","815","1995-07-19 04:56:40"
"1180","565","1993-07-02 18:23:08"
"1181","695","1981-05-09 22:37:36"
"1182","242","1981-06-21 01:46:08"
"1183","144","1974-08-19 11:56:37"
"1184","696","1994-12-11 12:53:05"
"1185","898","2009-08-14 13:42:11"
"1186","146","1986-12-02 08:36:02"
"1187","975","1993-08-15 09:09:39"
"1188","874","2002-02-10 08:25:26"
"1189","922","2015-04-24 09:39:38"
"1190","492","2021-05-19 03:46:04"
"1191","222","2018-03-14 16:11:44"
"1192","133","1998-03-06 12:43:03"
"1193","372","2009-03-12 04:28:03"
"1194","707","1983-10-29 20:17:41"
"1195","116","2020-03-18 10:31:38"
"1196","287","2000-10-27 09:01:30"
"1197","870","1992-11-27 10:21:36"
"1198","166","1976-06-19 14:00:55"
"1199","301","2001-06-29 01:40:00"
"1200","162","2009-02-10 01:46:48"
"1201","251","2004-03-13 17:46:24"
"1202","504","2004-08-04 09:48:18"
"1203","384","1977-02-19 20:41:26"
"1204","647","2001-02-04 15:14:07"
"1205","178","2000-09-22 23:10:35"
"1206","29","2001-08-19 14:35:49"
"1207","83","2015-10-24 23:33:54"
"1208","752","1979-05-04 04:23:55"
"1209","962","1980-09-15 23:17:51"
"1210","121","2013-10-10 07:40:27"
"1211","569","1979-12-21 10:47:09"
"1212","108","1996-05-21 00:54:25"
"1213","976","1975-08-11 15:04:03"
"1214","958","1992-08-07 21:07:35"
"1215","537","2016-07-29 16:17:29"
"1216","547","1977-12-15 06:33:21"
"1217","380","1997-06-12 01:11:03"
"1218","728","1998-02-10 12:00:10"
"1219","987","1999-02-04 00:29:52"
"1220","673","1980-05-08 20:07:06"
"1221","202","1993-06-03 21:19:26"
"1222","465","1980-11-25 05:31:29"
"1223","209","2013-09-14 09:43:14"
"1224","857","2012-04-25 05:19:39"
"1225","480","2008-03-19 17:19:28"
"1226","995","1974-09-08 11:19:55"
"1227","942","1999-07-29 14:00:30"
"1228","999","2007-06-18 12:08:17"
"1229","4","1985-11-22 17:21:48"
"1230","359","1997-03-29 05:07:08"
"1231","412","1985-12-23 13:47:19"
"1232","752","1999-06-12 10:23:23"
"1233","281","2017-11-02 07:30:36"
"1234","496","1995-04-03 15:35:09"
"1235","187","1971-10-15 17:57:50"
"1236","573","2020-05-24 21:45:00"
"1237","339","1994-03-30 12:17:11"
"1238","301","1987-09-05 20:33:31"
"1239","382","1989-07-10 16:23:22"
"1240","84","1984-04-20 10:46:40"
"1241","55","2000-12-15 21:30:05"
"1242","236","2010-10-08 00:35:56"
"1243","10","1972-08-07 02:01:47"
"1244","96","2019-09-15 10:07:29"
"1245","697","1998-11-02 17:21:03"
"1246","123","1987-02-06 05:12:59"
"1247","340","2018-03-10 15:07:11"
"1248","712","1991-07-24 01:57:01"
"1249","696","1991-09-08 11:19:49"
"1250","749","2017-01-15 08:26:06"
"1251","545","1995-01-07 03:16:14"
"1252","603","2014-11-03 18:03:45"
"1253","952","1971-01-03 17:00:36"
"1254","944","1994-10-03 14:42:21"
"1255","312","2020-10-08 10:20:57"
"1256","235","2021-07-04 22:17:47"
"1257","682","1982-02-22 01:36:50"
"1258","132","1970-06-24 02:44:29"
"1259","986","2014-12-31 20:32:13"
"1260","534","1998-09-24 22:11:45"
"1261","817","2006-12-12 17:41:28"
"1262","826","1999-08-04 18:24:30"
"1263","850","2005-05-13 11:39:05"
"1264","627","2005-01-10 07:06:24"
"1265","871","1978-10-22 17:12:21"
"1266","851","1979-01-28 04:14:24"
"1267","494","1975-07-31 09:14:32"
"1268","134","1975-07-24 09:43:23"
"1269","652","1971-11-03 08:55:32"
"1270","144","1975-10-12 07:13:50"
"1271","983","1970-04-25 15:11:33"
"1272","535","1997-09-08 08:48:05"
"1273","846","2009-08-22 09:30:26"
"1274","541","2018-01-11 14:36:23"
"1275","982","2021-09-16 18:24:31"
"1276","924","1997-03-05 21:46:22"
"1277","467","2004-04-17 00:26:03"
"1278","568","1973-03-02 04:25:37"
"1279","935","2016-02-23 02:09:44"
"1280","673","2010-03-31 13:04:31"
"1281","142","1974-08-28 22:41:07"
"1282","230","1984-07-02 01:21:08"
"1283","730","1996-04-17 05:20:17"
"1284","949","2015-08-29 20:25:49"
"1285","290","2004-12-02 07:45:08"
"1286","219","1980-06-10 17:57:55"
"1287","394","1997-08-05 09:25:59"
"1288","752","2015-07-05 17:10:50"
"1289","631","2015-12-07 09:12:08"
"1290","680","1995-12-30 06:48:27"
"1291","176","1993-05-17 14:09:07"
"1292","220","1991-07-23 21:23:55"
"1293","316","2000-10-15 02:05:14"
"1294","450","1988-02-26 11:02:08"
"1295","631","1992-12-05 08:21:34"
"1296","775","2020-07-03 05:59:47"
"1297","653","1983-02-06 04:21:15"
"1298","510","2021-12-03 03:24:42"
"1299","994","2017-02-28 17:26:05"
"1300","761","1995-01-17 15:52:50"
"1301","634","2017-05-10 14:04:01"
"1302","211","1981-08-27 01:01:55"
"1303","347","1972-01-07 00:38:53"
"1304","17","2003-01-19 01:20:15"
"1305","996","1976-09-08 07:09:30"
"1306","833","2003-09-28 18:51:45"
"1307","243","1997-01-11 16:34:57"
"1308","866","2017-06-17 17:05:00"
"1309","96","1995-01-04 15:59:20"
"1310","420","2000-07-05 16:35:42"
"1311","874","1974-04-03 21:58:11"
"1312","850","1998-12-16 21:24:15"
"1313","541","1972-01-14 19:22:32"
"1314","419","1976-11-16 23:46:07"
"1315","382","2000-05-30 06:52:28"
"1316","971","1979-09-19 15:38:33"
"1317","542","1986-03-30 04:08:40"
"1318","87","2012-05-16 18:19:10"
"1319","660","2005-10-06 08:36:00"
"1320","184","1993-10-26 00:49:59"
"1321","615","1983-03-29 17:02:16"
"1322","38","2009-10-02 23:19:21"
"1323","155","2001-07-08 05:52:29"
"1324","46","2000-10-11 17:34:32"
"1325","182","2017-02-13 07:18:03"
"1326","488","1977-03-16 00:08:22"
"1327","660","1990-12-13 06:07:04"
"1328","121","1980-05-31 10:07:09"
"1329","662","1980-11-05 15:40:29"
"1330","605","1993-10-12 02:31:27"
"1331","775","2002-11-22 12:25:06"
"1332","532","2014-06-25 05:00:58"
"1333","628","2012-04-12 17:32:13"
"1334","760","2002-03-12 20:00:08"
"1335","608","1997-05-16 19:46:05"
"1336","502","2001-06-16 04:19:07"
"1337","544","1978-11-02 16:40:21"
"1338","243","2016-03-09 11:36:19"
"1339","834","2015-01-17 06:48:37"
"1340","140","2014-07-03 13:34:42"
"1341","349","1973-04-27 17:34:46"
"1342","610","1980-09-06 09:23:14"
"1343","447","1995-06-18 20:08:49"
"1344","182","1993-08-04 21:37:21"
"1345","308","1979-10-21 16:45:29"
"1346","69","2007-10-10 20:43:25"
"1347","775","2015-03-05 10:11:16"
"1348","912","2006-04-08 13:15:06"
"1349","952","2010-02-28 20:11:25"
"1350","349","2001-01-21 14:57:28"
"1351","845","2019-05-21 21:40:19"
"1352","486","2016-07-04 12:25:52"
"1353","826","1987-12-07 06:34:55"
"1354","126","1999-11-21 21:41:20"
"1355","360","2007-05-31 02:07:13"
"1356","902","2004-12-12 06:49:00"
"1357","544","2019-06-19 13:51:49"
"1358","718","2007-02-25 05:44:19"
"1359","613","2011-10-31 23:19:09"
"1360","805","2021-11-13 11:38:04"
"1361","798","1996-06-05 16:36:17"
"1362","979","1990-10-09 04:43:07"
"1363","963","1971-02-13 05:29:29"
"1364","667","2021-02-09 21:14:56"
"1365","904","2006-12-07 08:46:56"
"1366","428","2010-11-14 10:48:26"
"1367","434","2012-04-10 18:53:38"
"1368","489","1983-11-30 21:30:19"
"1369","710","2010-07-01 01:23:33"
"1370","907","1994-11-23 01:23:22"
"1371","103","1971-12-26 00:12:13"
"1372","668","1981-11-21 04:44:52"
"1373","123","1985-10-14 05:08:56"
"1374","729","2001-12-26 01:23:05"
"1375","840","1998-09-15 09:28:17"
"1376","679","2016-09-01 15:49:15"
"1377","168","2004-04-10 08:04:28"
"1378","874","2007-03-29 20:47:12"
"1379","8","1973-05-28 05:18:19"
"1380","598","1983-08-12 05:45:59"
"1381","994","2001-09-10 17:07:25"
"1382","195","1972-05-12 14:35:26"
"1383","822","2009-05-07 03:38:34"
"1384","572","2014-11-21 12:24:32"
"1385","26","1979-08-21 06:08:05"
"1386","32","1974-06-01 05:16:17"
"1387","870","1972-12-29 20:43:55"
"1388","249","1992-12-16 06:44:39"
"1389","147","1992-09-27 01:37:03"
"1390","448","1973-05-31 13:55:15"
"1391","266","2014-06-17 20:05:33"
"1392","622","1989-08-15 02:56:50"
"1393","145","1983-06-12 01:16:04"
"1394","249","1982-07-13 05:12:57"
"1395","617","2018-11-16 07:27:09"
"1396","530","1984-05-31 17:42:40"
"1397","957","1973-07-30 08:05:34"
"1398","490","1993-05-26 20:56:22"
"1399","962","1996-05-28 21:55:14"
"1400","884","2014-07-28 12:17:55"
"1401","257","1991-06-15 00:54:52"
"1402","85","1998-05-01 03:55:09"
"1403","680","2007-02-06 12:16:28"
"1404","226","2014-06-11 07:40:38"
"1405","133","2001-05-15 16:04:24"
"1406","733","2011-07-03 14:27:02"
"1407","95","1975-01-12 09:31:15"
"1408","495","1994-07-26 19:09:58"
"1409","264","1997-05-07 20:23:17"
"1410","514","2002-01-02 20:11:28"
"1411","185","1997-05-01 14:19:39"
"1412","915","2001-08-31 21:32:35"
"1413","137","1997-01-25 17:04:54"
"1414","470","1985-07-03 04:19:23"
"1415","780","1990-01-09 00:32:04"
"1416","807","1978-01-03 07:53:08"
"1417","987","2018-06-25 22:32:49"
"1418","774","1993-06-23 08:26:59"
"1419","667","2007-07-04 14:45:38"
"1420","172","2004-08-21 04:59:34"
"1421","407","1993-05-18 23:44:57"
"1422","253","1991-01-16 16:14:44"
"1423","640","2005-03-04 20:01:27"
"1424","148","1972-06-25 00:49:51"
"1425","819","1970-11-20 08:00:43"
"1426","523","1993-02-27 07:51:38"
"1427","175","1978-12-05 04:59:03"
"1428","90","2021-02-01 12:58:33"
"1429","817","1993-09-12 11:23:18"
"1430","35","2013-05-03 20:38:14"
"1431","300","1970-09-05 00:02:08"
"1432","438","2014-06-08 05:54:30"
"1433","920","1993-11-26 21:05:38"
"1434","567","2007-08-02 08:58:51"
"1435","717","2019-12-21 18:23:44"
"1436","816","1973-07-15 23:45:07"
"1437","2","2015-04-12 02:53:37"
"1438","574","1992-04-19 07:53:08"
"1439","59","2019-08-01 14:26:17"
"1440","4","1987-03-04 19:24:20"
"1441","57","1977-03-15 14:24:09"
"1442","564","1978-08-23 09:44:35"
"1443","202","2001-12-22 11:17:00"
"1444","826","2019-12-13 18:17:27"
"1445","206","1998-06-27 06:25:54"
"1446","417","2017-09-07 12:36:36"
"1447","815","1972-02-01 19:17:19"
"1448","544","2001-06-12 02:29:51"
"1449","512","2012-04-06 07:00:43"
"1450","105","1986-09-06 19:07:11"
"1451","659","2017-06-28 14:40:54"
"1452","423","2014-03-14 13:43:26"
"1453","274","1992-11-29 18:25:42"
"1454","192","2004-07-04 08:30:00"
"1455","651","1983-09-20 18:24:18"
"1456","298","1987-03-30 06:30:15"
"1457","960","2016-10-02 20:57:43"
"1458","593","1987-07-28 20:30:45"
"1459","563","2000-09-29 23:09:28"
"1460","540","2005-10-08 00:05:53"
"1461","375","2017-01-11 23:51:37"
"1462","308","2020-02-08 03:50:20"
"1463","179","2006-06-01 10:42:00"
"1464","109","2008-06-05 12:10:37"
"1465","575","2016-07-11 01:16:02"
"1466","576","1977-12-02 19:39:35"
"1467","936","1999-07-14 09:47:35"
"1468","329","1988-01-29 08:04:51"
"1469","776","1999-01-17 18:56:05"
"1470","608","2002-03-28 05:05:12"
"1471","420","1991-07-27 19:53:19"
"1472","24","1994-11-07 08:39:29"
"1473","502","2016-08-17 23:22:48"
"1474","837","1989-09-02 08:21:53"
"1475","383","2011-01-18 15:38:54"
"1476","723","2015-12-03 16:44:07"
"1477","401","1992-12-29 13:01:23"
"1478","464","2006-01-17 04:59:41"
"1479","174","1991-05-03 21:23:02"
"1480","86","1994-11-27 23:40:10"
"1481","891","2020-06-16 02:51:49"
"1482","157","2020-05-03 02:20:13"
"1483","656","2017-04-07 08:26:33"
"1484","339","2010-07-14 19:35:30"
"1485","112","2000-10-14 22:18:05"
"1486","659","1987-12-10 17:48:33"
"1487","682","1984-03-27 22:33:21"
"1488","298","1977-01-06 13:46:21"
"1489","857","2006-07-22 03:05:56"
"1490","72","1990-01-14 01:35:18"
"1491","860","2017-07-05 18:39:34"
"1492","385","2021-09-02 02:43:41"
"1493","18","2020-12-31 05:19:44"
"1494","435","2010-02-26 10:14:50"
"1495","729","2017-06-25 18:03:35"
"1496","904","2003-09-07 02:33:10"
"1497","191","1973-10-02 06:42:50"
"1498","977","1989-07-27 07:12:03"
"1499","803","1998-11-23 05:35:41"
"1500","812","1985-03-16 21:58:37"
"1501","501","2010-04-07 17:07:51"
"1502","933","1996-02-21 08:58:05"
"1503","41","1985-02-28 10:43:02"
"1504","313","1973-05-07 00:55:58"
"1505","222","2001-09-10 00:17:24"
"1506","36","1973-02-07 03:59:15"
"1507","554","2001-08-28 21:42:05"
"1508","202","1994-01-09 04:59:49"
"1509","281","2016-02-29 15:47:30"
"1510","584","1987-07-01 22:01:04"
"1511","809","1977-08-07 15:48:02"
"1512","639","1978-01-14 23:21:17"
"1513","899","2019-10-21 19:36:33"
"1514","31","2011-12-28 07:33:42"
"1515","530","2012-01-14 00:35:36"
"1516","383","1974-12-27 21:40:20"
"1517","556","1997-08-14 22:45:25"
"1518","891","2008-01-08 10:12:03"
"1519","761","2016-08-07 04:44:35"
"1520","760","2001-10-03 11:15:26"
"1521","624","1970-10-03 20:56:24"
"1522","718","1988-09-01 10:40:32"
"1523","540","1984-03-15 20:26:31"
"1524","906","1981-06-15 16:21:19"
"1525","780","1973-04-14 10:21:08"
"1526","753","2002-01-04 14:26:28"
"1527","65","1985-03-23 09:11:04"
"1528","386","2011-12-10 08:31:01"
"1529","719","2017-02-06 14:43:14"
"1530","382","2000-06-08 00:01:42"
"1531","412","2008-09-25 18:54:34"
"1532","883","1977-05-15 17:19:27"
"1533","383","1975-10-21 17:39:52"
"1534","372","1984-12-29 03:04:08"
"1535","536","2011-06-19 05:11:14"
"1536","60","1995-10-14 20:55:30"
"1537","400","1997-05-13 07:20:03"
"1538","586","2005-11-27 15:51:46"
"1539","177","2015-03-20 21:42:02"
"1540","809","1994-08-10 05:45:45"
"1541","989","2009-05-20 20:58:28"
"1542","945","1982-10-15 20:30:01"
"1543","533","1996-06-14 06:13:40"
"1544","768","2003-05-22 22:08:14"
"1545","416","2018-07-24 14:12:30"
"1546","452","1986-09-13 21:40:51"
"1547","657","1979-09-13 02:02:14"
"1548","442","1973-07-19 22:02:45"
"1549","406","1994-03-12 19:11:00"
"1550","605","2014-03-06 08:44:14"
"1551","548","1982-04-25 22:09:12"
"1552","223","1995-05-11 02:31:53"
"1553","101","1990-11-14 06:58:22"
"1554","421","1975-10-22 21:48:52"
"1555","658","1991-01-09 22:08:48"
"1556","32","2020-09-07 12:21:40"
"1557","590","2015-11-22 22:53:25"
"1558","202","1998-08-20 05:33:13"
"1559","752","1974-01-24 02:44:25"
"1560","532","2001-05-14 23:03:30"
"1561","850","1996-09-06 08:22:40"
"1562","362","2009-01-16 07:16:17"
"1563","814","2020-10-24 04:28:55"
"1564","32","2016-02-09 00:29:33"
"1565","720","2005-03-30 21:31:36"
"1566","201","2007-06-26 19:48:35"
"1567","916","1989-01-23 17:02:12"
"1568","669","1982-06-29 01:28:06"
"1569","479","2003-11-03 20:04:25"
"1570","310","2014-05-18 03:23:21"
"1571","803","1984-05-28 21:15:05"
"1572","310","2009-05-01 03:49:17"
"1573","654","1970-04-18 12:13:13"
"1574","692","1984-03-13 22:28:41"
"1575","219","2002-12-04 17:49:42"
"1576","305","2006-01-19 13:18:30"
"1577","246","2002-11-29 20:53:19"
"1578","47","2003-08-28 22:28:01"
"1579","146","2019-07-01 18:49:19"
"1580","679","1973-08-13 17:54:51"
"1581","212","2021-11-19 03:56:44"
"1582","901","1996-04-11 18:41:28"
"1583","948","1978-01-15 04:01:23"
"1584","909","1991-04-10 07:03:35"
"1585","504","2008-12-27 11:39:45"
"1586","965","2005-02-21 03:50:19"
"1587","336","2009-12-30 15:53:33"
"1588","740","2014-07-14 02:05:57"
"1589","297","1989-11-10 07:56:18"
"1590","999","2001-08-18 23:36:50"
"1591","144","2017-09-15 08:49:19"
"1592","726","1987-03-29 05:04:26"
"1593","8","1981-01-24 03:46:24"
"1594","992","2016-07-23 22:18:40"
"1595","280","2018-09-09 05:00:47"
"1596","590","1995-04-16 20:54:45"
"1597","456","2021-05-16 23:35:30"
"1598","822","2013-05-04 06:09:04"
"1599","591","2012-03-08 05:30:20"
"1600","591","2015-09-06 02:01:29"
"1601","157","1993-04-24 04:51:35"
"1602","386","2005-06-02 09:17:03"
"1603","314","2004-05-25 00:33:36"
"1604","934","1996-01-12 01:20:26"
"1605","573","1999-10-07 18:53:37"
"1606","272","1987-06-23 13:04:44"
"1607","804","2015-03-24 13:37:43"
"1608","699","1989-05-19 08:26:08"
"1609","965","1980-03-02 21:30:57"
"1610","897","2010-03-30 02:40:35"
"1611","869","1976-03-22 21:36:44"
"1612","61","1995-05-08 07:18:32"
"1613","960","1991-11-26 20:29:35"
"1614","363","1989-12-10 19:26:07"
"1615","522","2018-10-10 19:01:51"
"1616","510","1983-10-02 16:00:40"
"1617","161","2000-12-22 12:50:53"
"1618","258","1971-12-10 16:50:49"
"1619","187","1971-12-29 02:21:35"
"1620","346","1996-02-25 14:47:25"
"1621","62","2001-05-10 00:36:36"
"1622","305","1977-07-15 01:56:08"
"1623","988","2017-01-23 14:21:51"
"1624","409","1981-03-21 07:41:22"
"1625","721","2010-12-25 18:06:33"
"1626","315","2016-07-21 06:27:25"
"1627","977","2007-08-08 00:23:11"
"1628","923","1975-04-09 19:10:34"
"1629","333","2010-07-02 08:24:41"
"1630","932","2002-02-07 23:00:35"
"1631","110","2016-05-02 02:32:06"
"1632","969","2016-10-20 15:43:43"
"1633","71","2005-04-18 12:55:03"
"1634","412","1993-12-22 17:17:27"
"1635","771","2017-07-26 08:51:39"
"1636","182","2004-07-05 09:40:47"
"1637","919","2016-11-12 15:23:35"
"1638","510","1972-06-03 22:49:07"
"1639","849","2005-03-30 06:20:03"
"1640","354","1994-07-31 06:31:28"
"1641","884","2009-02-24 02:00:49"
"1642","107","1982-07-04 07:51:35"
"1643","7","1970-05-01 07:19:37"
"1644","8","1993-01-03 19:00:42"
"1645","933","1992-02-23 02:15:42"
"1646","954","2004-11-15 11:17:29"
"1647","652","2013-09-12 10:54:21"
"1648","763","1984-10-07 13:45:31"
"1649","538","1978-12-31 02:17:16"
"1650","505","2000-06-01 00:08:09"
"1651","731","2005-12-24 19:02:40"
"1652","380","2011-07-24 12:27:36"
"1653","24","2004-07-13 16:14:42"
"1654","814","1999-11-20 18:51:57"
"1655","734","2021-03-07 06:06:31"
"1656","704","2018-11-14 03:04:17"
"1657","294","2010-12-06 23:09:40"
"1658","906","1998-04-30 01:46:58"
"1659","749","2001-11-07 06:43:31"
"1660","19","2003-03-28 22:13:09"
"1661","926","1970-08-01 09:19:05"
"1662","517","2007-08-10 09:14:43"
"1663","701","2001-01-13 11:11:59"
"1664","918","2017-06-29 08:03:56"
"1665","547","1981-12-21 13:53:21"
"1666","68","1998-04-07 17:57:30"
"1667","258","1995-09-03 08:14:23"
"1668","78","2018-10-31 05:20:17"
"1669","978","1980-07-20 07:10:03"
"1670","881","1982-09-12 17:18:56"
"1671","646","2008-09-16 04:53:56"
"1672","221","1987-06-11 21:18:30"
"1673","539","1981-12-24 17:59:17"
"1674","276","1976-01-10 09:59:44"
"1675","375","2011-06-15 18:48:37"
"1676","650","1989-02-16 19:30:39"
"1677","524","2014-10-07 16:21:24"
"1678","329","2004-07-11 16:02:43"
"1679","291","2017-01-26 17:25:04"
"1680","716","1997-03-24 20:43:40"
"1681","865","2012-06-27 17:44:47"
"1682","543","1987-05-02 17:03:19"
"1683","111","1977-11-09 14:33:12"
"1684","995","2021-04-24 05:13:51"
"1685","40","2005-09-23 01:53:33"
"1686","515","1990-04-07 08:55:32"
"1687","176","1987-11-23 18:09:06"
"1688","546","1979-02-13 00:15:29"
"1689","709","1994-05-08 00:22:50"
"1690","338","2009-08-12 15:21:31"
"1691","176","2002-06-07 00:28:43"
"1692","770","2020-04-22 11:34:48"
"1693","123","1979-10-07 06:25:09"
"1694","523","1985-01-10 17:05:08"
"1695","615","1986-03-25 13:45:31"
"1696","817","1977-05-14 05:09:31"
"1697","543","1997-05-08 07:38:38"
"1698","394","1994-08-20 10:08:27"
"1699","790","1996-10-31 13:28:27"
"1700","762","2015-12-06 10:14:18"
"1701","140","2009-12-23 19:26:17"
"1702","427","2016-12-14 17:06:40"
"1703","760","2006-12-31 00:12:28"
"1704","743","1998-03-08 19:35:04"
"1705","879","1973-02-22 05:23:57"
"1706","634","2019-09-08 13:11:18"
"1707","193","2012-02-20 17:41:50"
"1708","53","1995-07-01 06:40:49"
"1709","295","2020-11-04 14:44:58"
"1710","758","1992-07-12 13:13:12"
"1711","926","2000-12-21 19:42:11"
"1712","606","1971-02-05 17:48:24"
"1713","553","1975-01-09 17:52:19"
"1714","129","2020-08-05 11:18:47"
"1715","868","1997-10-26 01:23:18"
"1716","538","1983-07-17 20:39:57"
"1717","349","1999-06-17 15:38:54"
"1718","267","2009-02-20 22:39:07"
"1719","743","1992-02-15 18:55:39"
"1720","816","1997-03-02 01:21:18"
"1721","12","1996-12-02 18:50:46"
"1722","573","2020-01-24 00:40:17"
"1723","290","2000-01-11 16:30:21"
"1724","599","1983-03-29 16:33:55"
"1725","499","1984-03-24 02:55:12"
"1726","43","1992-06-11 23:22:31"
"1727","742","1970-07-19 21:57:56"
"1728","697","1983-01-08 07:16:20"
"1729","944","1998-01-14 05:01:07"
"1730","606","1992-02-04 06:20:46"
"1731","179","1974-06-22 21:18:18"
"1732","993","1973-07-24 09:55:24"
"1733","899","1973-10-10 12:08:09"
"1734","402","2013-08-14 04:50:26"
"1735","850","1992-07-30 14:29:08"
"1736","914","2007-06-13 06:57:45"
"1737","918","1992-07-23 14:29:31"
"1738","757","1996-09-04 16:03:30"
"1739","169","2018-01-14 11:31:12"
"1740","269","2012-03-27 03:53:53"
"1741","956","2012-02-16 05:53:21"
"1742","344","1991-12-15 23:06:55"
"1743","428","1989-11-10 07:43:56"
"1744","114","2011-05-19 14:37:01"
"1745","807","2011-03-19 10:40:35"
"1746","263","1980-01-11 12:35:59"
"1747","726","2010-11-28 18:11:45"
"1748","853","1984-04-20 15:48:33"
"1749","895","2018-03-13 16:36:16"
"1750","210","1992-01-28 09:02:56"
"1751","526","2017-08-20 16:34:51"
"1752","818","2004-01-21 08:01:11"
"1753","607","2012-04-28 02:44:17"
"1754","972","2016-07-13 17:03:38"
"1755","296","1998-10-28 21:58:24"
"1756","385","2003-06-12 05:07:48"
"1757","205","1972-02-15 01:06:23"
"1758","117","2004-10-26 02:37:06"
"1759","748","2006-11-25 18:08:05"
"1760","381","1996-06-27 01:57:33"
"1761","486","1997-03-09 09:34:27"
"1762","605","1998-05-22 09:08:28"
"1763","859","1994-05-28 22:32:16"
"1764","54","2009-04-01 17:12:16"
"1765","540","1982-11-14 05:52:43"
"1766","733","1970-05-17 23:38:29"
"1767","299","1979-04-08 15:20:05"
"1768","149","1972-07-09 19:42:35"
"1769","403","2019-08-30 04:24:16"
"1770","587","2018-06-02 07:10:17"
"1771","508","2011-08-13 09:48:29"
"1772","874","1985-08-06 04:58:51"
"1773","249","2019-09-04 02:42:47"
"1774","969","1973-08-26 18:48:02"
"1775","356","1987-11-24 00:15:49"
"1776","574","1989-12-25 06:26:38"
"1777","80","2016-11-13 13:00:31"
"1778","654","1971-01-09 05:45:13"
"1779","606","2005-05-30 04:10:20"
"1780","325","1973-04-18 08:02:45"
"1781","881","2007-06-12 19:49:22"
"1782","946","1986-04-11 15:48:50"
"1783","216","2007-02-17 20:03:54"
"1784","289","1984-10-22 01:28:19"
"1785","528","1976-09-22 10:55:31"
"1786","992","2015-04-29 08:05:03"
"1787","25","1996-08-08 05:42:13"
"1788","105","2006-11-10 21:51:34"
"1789","701","2019-05-06 11:13:20"
"1790","377","1985-08-28 16:10:08"
"1791","154","1990-01-08 03:08:00"
"1792","7","2015-06-09 19:56:59"
"1793","766","1992-03-06 22:27:03"
"1794","755","1972-02-10 02:52:42"
"1795","864","1978-03-26 13:16:13"
"1796","764","1977-02-04 18:51:08"
"1797","55","2007-04-24 03:27:12"
"1798","862","1983-05-02 01:48:46"
"1799","236","1989-12-04 19:26:54"
"1800","948","2009-09-02 02:46:49"
"1801","616","1981-05-29 02:02:55"
"1802","671","2003-12-08 07:22:26"
"1803","75","2015-12-18 00:11:05"
"1804","779","2011-06-30 16:12:33"
"1805","424","2010-01-06 16:44:57"
"1806","227","1997-07-07 12:30:32"
"1807","833","2008-08-16 05:05:10"
"1808","276","1985-05-19 04:21:20"
"1809","868","2004-09-24 14:22:52"
"1810","218","2020-05-28 05:45:50"
"1811","759","1990-09-15 17:43:09"
"1812","233","2003-10-26 18:07:25"
"1813","916","2020-12-01 14:17:29"
"1814","906","2010-06-14 17:17:25"
"1815","798","2003-12-20 06:22:01"
"1816","681","1991-02-10 04:40:15"
"1817","737","2004-04-27 21:08:27"
"1818","98","1991-01-07 01:07:52"
"1819","189","2020-07-17 18:47:52"
"1820","666","2004-03-15 06:45:57"
"1821","787","2010-10-12 06:46:49"
"1822","274","1982-01-24 04:32:20"
"1823","593","1973-06-26 19:36:02"
"1824","470","2019-09-19 18:34:07"
"1825","282","2011-04-30 03:36:29"
"1826","861","1970-10-22 05:03:26"
"1827","916","1977-11-11 08:00:11"
"1828","484","2004-07-06 09:34:46"
"1829","492","2015-06-08 21:34:09"
"1830","13","2013-01-09 22:32:40"
"1831","186","1995-12-19 23:57:37"
"1832","996","1994-10-29 02:55:45"
"1833","935","1970-08-21 23:01:10"
"1834","737","1996-12-10 02:57:17"
"1835","862","2019-05-02 21:53:21"
"1836","30","1970-12-31 00:35:42"
"1837","800","1975-11-10 10:10:17"
"1838","614","1995-03-14 13:49:20"
"1839","891","1981-03-10 16:46:52"
"1840","662","1981-01-07 07:43:15"
"1841","607","1998-11-06 21:32:54"
"1842","57","1976-04-17 13:51:00"
"1843","530","1971-12-16 10:39:59"
"1844","702","2014-01-10 10:30:57"
"1845","863","1972-08-27 13:45:24"
"1846","188","1975-01-16 02:13:44"
"1847","679","2013-11-15 08:16:33"
"1848","38","2000-07-24 07:25:56"
"1849","882","1998-08-11 08:08:07"
"1850","284","1973-05-24 13:13:17"
"1851","581","2010-05-21 05:27:38"
"1852","791","1978-11-01 08:24:15"
"1853","54","2021-03-11 11:19:20"
"1854","726","1980-12-11 08:50:34"
"1855","517","1976-02-21 08:12:59"
"1856","549","1997-12-06 13:35:15"
"1857","286","1996-03-17 10:47:45"
"1858","684","1988-12-20 17:51:33"
"1859","56","1976-12-13 08:31:51"
"1860","92","1980-05-11 04:30:18"
"1861","660","2007-02-11 11:01:57"
"1862","427","2004-11-10 07:57:25"
"1863","819","1980-11-23 11:06:31"
"1864","251","2008-07-17 15:08:35"
"1865","664","1989-04-12 07:10:05"
"1866","201","2014-08-25 00:55:26"
"1867","668","2020-08-24 11:55:59"
"1868","641","1995-01-09 12:59:27"
"1869","614","2005-01-08 03:35:25"
"1870","768","1993-12-15 23:29:06"
"1871","763","2012-02-06 00:38:10"
"1872","26","1996-10-07 22:56:05"
"1873","463","1973-10-31 09:12:08"
"1874","216","2018-02-17 08:33:25"
"1875","943","1979-06-13 22:28:08"
"1876","467","2007-05-29 19:58:27"
"1877","374","2017-03-08 10:53:51"
"1878","206","2009-09-21 11:51:09"
"1879","579","1990-07-25 03:24:14"
"1880","301","2005-07-12 22:35:46"
"1881","635","2015-07-26 19:46:24"
"1882","757","1999-07-16 09:42:54"
"1883","347","2004-01-02 20:49:00"
"1884","575","2004-09-22 02:19:29"
"1885","373","1977-02-10 19:28:49"
"1886","75","2008-04-11 16:12:32"
"1887","926","1984-07-21 14:16:54"
"1888","174","1991-06-29 12:54:14"
"1889","294","2003-10-17 11:04:45"
"1890","855","2009-03-14 20:29:57"
"1891","976","2000-02-14 07:42:52"
"1892","282","1970-05-12 13:38:02"
"1893","470","2001-12-22 02:24:54"
"1894","94","1981-04-15 14:02:21"
"1895","700","2012-01-18 09:58:50"
"1896","507","1979-05-20 21:20:44"
"1897","384","2021-06-02 02:34:14"
"1898","604","1989-01-19 06:55:12"
"1899","769","2001-02-24 22:32:48"
"1900","944","1976-09-01 11:09:41"
"1901","744","1986-05-25 07:57:12"
"1902","175","1999-01-17 17:12:04"
"1903","448","2021-08-19 09:44:57"
"1904","640","1975-07-10 01:20:42"
"1905","56","2019-08-02 04:42:11"
"1906","826","1973-06-02 01:30:11"
"1907","372","1991-10-26 06:59:23"
"1908","885","1992-02-24 20:15:19"
"1909","56","1984-09-30 22:18:16"
"1910","622","2001-05-09 00:51:44"
"1911","245","2012-03-11 11:43:49"
"1912","581","1992-06-07 11:04:55"
"1913","276","1999-12-20 21:51:00"
"1914","603","1996-05-17 11:56:19"
"1915","701","1972-05-28 18:30:13"
"1916","747","2013-07-16 04:50:23"
"1917","716","2002-08-14 03:50:29"
"1918","326","2009-01-22 17:47:00"
"1919","73","1973-06-25 10:21:48"
"1920","300","1999-12-02 05:42:06"
"1921","5","1995-07-15 22:15:46"
"1922","846","2002-07-20 16:18:28"
"1923","251","1972-09-27 22:58:35"
"1924","639","1985-02-28 06:23:45"
"1925","429","1972-07-06 05:35:25"
"1926","875","1988-12-02 04:15:33"
"1927","217","1988-09-10 04:10:01"
"1928","421","2003-08-31 21:55:27"
"1929","877","1988-02-07 21:38:00"
"1930","982","1985-12-19 21:08:35"
"1931","145","2002-05-31 23:39:03"
"1932","663","2005-12-08 04:52:15"
"1933","233","2018-03-29 13:14:28"
"1934","518","1977-06-20 03:13:53"
"1935","680","1987-11-25 19:17:40"
"1936","9","2012-08-02 23:17:45"
"1937","654","1983-11-12 14:30:00"
"1938","219","1986-08-07 14:49:40"
"1939","489","2017-09-18 11:13:38"
"1940","153","1978-08-07 22:47:44"
"1941","46","2018-05-13 04:19:06"
"1942","734","2002-10-11 17:51:54"
"1943","286","1993-09-11 13:00:25"
"1944","217","2017-08-30 21:22:07"
"1945","431","2008-05-20 17:08:52"
"1946","205","1983-08-08 18:00:34"
"1947","679","1977-11-24 02:11:08"
"1948","113","1991-07-05 12:43:06"
"1949","375","2010-09-05 22:46:29"
"1950","800","1974-01-18 20:31:01"
"1951","510","1985-04-08 03:25:22"
"1952","909","2016-02-16 02:41:27"
"1953","63","2005-07-13 05:40:27"
"1954","829","1983-05-27 11:13:20"
"1955","533","1981-07-07 14:26:26"
"1956","389","2011-02-08 20:06:54"
"1957","997","1981-02-03 03:47:00"
"1958","56","2013-11-03 01:26:18"
"1959","794","2006-11-17 17:48:16"
"1960","718","1984-11-02 03:23:52"
"1961","265","2019-06-23 06:24:12"
"1962","958","2009-12-30 05:08:16"
"1963","87","1995-03-10 15:25:08"
"1964","524","2011-02-22 06:06:35"
"1965","939","1974-09-12 02:15:25"
"1966","776","2013-06-04 13:01:47"
"1967","434","1993-12-18 00:31:44"
"1968","584","1984-03-31 22:28:43"
"1969","620","2007-10-02 07:35:02"
"1970","802","2004-04-30 16:15:02"
"1971","859","2019-01-23 21:27:51"
"1972","271","1986-02-28 10:25:56"
"1973","722","1990-05-26 16:28:16"
"1974","473","1987-03-06 02:03:16"
"1975","726","1988-10-18 13:47:50"
"1976","918","2012-02-05 04:58:53"
"1977","52","1981-09-16 15:10:43"
"1978","0","2012-10-16 02:08:48"
"1979","481","2011-09-13 23:49:54"
"1980","88","1995-09-19 09:30:32"
"1981","571","1996-02-28 06:37:56"
"1982","175","1985-06-10 05:15:31"
"1983","599","1972-01-17 16:28:11"
"1984","412","1976-09-21 03:29:00"
"1985","779","2000-01-22 07:02:19"
"1986","189","1993-03-22 21:57:26"
"1987","602","1970-05-03 14:19:04"
"1988","686","2010-07-08 23:23:15"
"1989","57","2013-03-01 07:36:46"
"1990","464","1989-09-29 01:28:34"
"1991","397","2018-08-29 19:12:58"
"1992","575","2005-01-02 11:30:26"
"1993","137","2009-04-26 11:21:31"
"1994","637","1992-08-15 12:12:00"
"1995","617","2013-04-21 12:43:06"
"1996","624","2006-09-23 18:59:42"
"1997","642","2006-10-06 23:38:29"
"1998","563","1986-06-23 10:46:04"
"1999","309","2021-05-20 04:48:57"
"2000","883","2020-04-02 18:37:15"
"2001","101","1994-03-03 07:21:02"
"2002","102","1992-11-20 07:17:55"
"2003","505","1978-10-09 02:35:06"
"2004","203","2002-04-03 02:25:57"
"2005","404","1997-03-22 00:04:41"
"2006","396","2008-10-13 02:57:06"
"2007","232","1977-04-04 22:47:44"
"2008","676","1993-09-08 00:12:06"
"2009","403","2014-12-04 22:22:57"
"2010","28","2007-06-07 21:53:05"
"2011","867","1975-02-22 02:58:36"
"2012","231","2017-12-30 14:08:59"
"2013","847","1993-02-22 10:20:08"
"2014","951","1983-11-20 20:36:10"
"2015","676","1990-04-28 23:36:21"
"2016","538","2015-01-01 14:38:56"
"2017","519","2015-01-17 06:50:27"
"2018","329","1977-04-12 02:59:03"
"2019","465","1990-05-02 11:39:59"
"2020","664","1977-09-10 16:51:45"
"2021","346","2014-01-08 14:16:22"
"2022","10","1978-07-03 00:51:54"
"2023","983","2010-12-13 13:12:16"
"2024","404","1972-06-09 08:19:50"
"2025","408","1987-12-09 12:28:00"
"2026","506","1996-05-29 02:01:32"
"2027","781","1981-07-31 22:41:44"
"2028","481","2009-10-13 14:44:21"
"2029","607","1970-04-13 13:20:16"
"2030","642","1980-05-16 09:44:44"
"2031","802","1979-03-27 00:29:35"
"2032","861","1997-01-19 20:15:00"
"2033","169","1977-01-13 19:31:30"
"2034","443","2018-03-16 13:58:47"
"2035","204","2019-07-04 01:07:14"
"2036","649","2021-05-15 17:51:10"
"2037","77","1992-10-25 16:18:45"
"2038","437","1989-10-28 03:51:54"
"2039","331","1987-10-08 16:22:28"
"2040","711","2006-03-11 18:19:05"
"2041","473","1970-04-26 22:34:40"
"2042","843","1970-06-04 13:20:48"
"2043","364","2007-03-17 22:28:09"
"2044","83","2010-03-21 13:34:17"
"2045","96","2014-04-17 00:48:25"
"2046","35","1978-07-30 21:47:20"
"2047","650","1981-03-19 11:44:35"
"2048","309","1984-03-03 10:34:53"
"2049","270","1976-02-14 05:53:16"
"2050","302","2019-03-03 06:55:16"
"2051","323","2021-04-07 15:29:13"
"2052","253","2001-03-31 06:42:01"
"2053","876","1976-12-01 19:25:43"
"2054","114","1985-12-20 17:31:33"
"2055","118","1995-02-10 04:53:07"
"2056","191","1988-12-10 16:55:19"
"2057","395","2013-08-28 22:22:37"
"2058","28","1974-06-12 17:04:10"
"2059","686","1975-06-30 20:21:07"
"2060","151","1994-06-11 19:53:59"
"2061","54","2000-10-14 02:53:36"
"2062","797","1972-09-09 15:26:09"
"2063","16","2014-07-16 00:30:27"
"2064","812","1977-01-16 09:58:15"
"2065","865","2020-12-07 12:29:39"
"2066","366","1990-07-26 14:30:30"
"2067","21","1993-09-17 05:32:42"
"2068","216","1974-12-31 16:20:17"
"2069","411","1999-08-11 14:20:36"
"2070","346","1978-07-09 21:59:02"
"2071","104","1997-04-16 19:56:31"
"2072","608","1986-03-05 08:06:58"
"2073","21","2008-12-22 15:14:42"
"2074","83","1987-08-01 17:42:35"
"2075","948","1970-09-26 11:19:31"
"2076","127","2016-03-24 05:14:35"
"2077","785","1994-02-03 06:06:52"
"2078","381","1979-09-20 22:26:13"
"2079","954","2014-07-06 14:06:56"
"2080","709","2016-12-13 19:58:46"
"2081","264","1978-12-08 20:08:03"
"2082","867","2010-01-18 01:03:31"
"2083","409","1992-01-26 02:27:59"
"2084","455","2000-12-30 16:14:38"
"2085","735","1999-04-02 17:33:56"
"2086","264","1972-10-13 16:30:34"
"2087","908","2000-10-15 00:35:13"
"2088","359","1973-09-19 13:02:31"
"2089","300","2000-12-03 14:22:33"
"2090","437","1977-03-02 18:40:07"
"2091","562","1972-11-01 14:44:26"
"2092","890","1977-06-17 22:00:04"
"2093","491","1993-11-03 15:25:35"
"2094","654","2007-12-22 20:08:20"
"2095","362","1989-04-26 22:06:38"
"2096","750","2007-12-29 06:20:34"
"2097","391","2006-02-22 11:48:53"
"2098","391","1989-09-12 05:03:48"
"2099","396","2013-06-09 06:35:41"
"2100","864","2011-01-05 05:02:03"
"2101","993","1986-03-04 11:42:12"
"2102","471","2002-08-13 03:05:54"
"2103","736","1974-07-16 23:29:21"
"2104","240","2008-06-02 11:23:25"
"2105","481","1971-06-28 10:27:49"
"2106","785","2012-08-03 10:55:09"
"2107","436","1993-06-18 19:49:12"
"2108","710","1989-05-01 22:56:08"
"2109","335","2017-12-15 15:37:58"
"2110","697","1978-12-29 16:42:03"
"2111","657","2013-09-14 08:09:27"
"2112","227","1988-12-09 08:52:33"
"2113","732","1992-02-02 12:38:49"
"2114","766","2021-08-28 16:47:36"
"2115","164","1972-01-22 01:27:52"
"2116","259","2010-06-15 18:37:08"
"2117","13","1996-08-27 19:40:17"
"2118","663","2005-01-26 09:40:48"
"2119","447","1994-02-21 03:26:39"
"2120","887","1974-03-21 15:42:26"
"2121","293","1993-05-30 23:28:26"
"2122","509","1989-07-31 08:16:46"
"2123","535","1977-06-26 01:19:39"
"2124","153","2002-07-16 12:41:33"
"2125","930","1973-01-24 06:44:03"
"2126","796","1983-08-04 14:39:16"
"2127","98","2001-03-02 22:08:27"
"2128","562","1971-02-23 06:09:21"
"2129","682","2012-04-16 16:44:17"
"2130","777","2016-08-20 06:57:10"
"2131","228","2015-12-09 09:22:35"
"2132","965","2011-11-14 04:04:22"
"2133","370","1992-09-06 12:45:22"
"2134","593","2003-09-10 10:49:33"
"2135","128","1988-09-28 16:18:44"
"2136","790","2012-03-07 23:13:22"
"2137","383","2008-10-23 07:43:59"
"2138","173","2017-10-09 19:14:35"
"2139","51","1993-08-08 02:56:23"
"2140","782","2016-08-28 04:52:58"
"2141","780","2012-09-30 07:30:02"
"2142","737","1994-03-02 05:04:13"
"2143","284","2004-06-06 15:50:20"
"2144","156","2018-01-07 12:36:20"
"2145","157","1985-04-29 03:34:36"
"2146","918","1986-11-26 16:40:12"
"2147","150","1971-08-24 01:37:32"
"2148","614","1984-11-22 00:00:58"
"2149","954","1989-10-08 21:29:48"
"2150","249","1991-03-20 02:46:34"
"2151","505","2020-11-08 03:03:56"
"2152","696","2018-07-08 11:47:04"
"2153","758","1974-10-14 10:40:12"
"2154","106","1994-09-22 05:04:34"
"2155","675","2006-09-25 03:05:19"
"2156","421","2009-07-23 13:44:17"
"2157","71","2016-06-25 03:28:36"
"2158","622","2011-11-09 07:08:07"
"2159","755","2014-03-02 10:33:07"
"2160","617","1988-02-06 21:26:31"
"2161","930","1973-11-27 04:07:23"
"2162","664","2006-07-12 03:56:32"
"2163","263","2010-12-10 12:10:41"
"2164","80","2018-11-16 16:52:36"
"2165","138","1998-08-14 09:02:55"
"2166","55","1983-04-15 19:25:26"
"2167","615","2006-03-25 14:49:01"
"2168","530","2020-04-27 04:40:10"
"2169","639","2003-05-25 06:56:39"
"2170","922","2021-09-25 05:22:51"
"2171","108","2005-12-24 11:41:06"
"2172","268","1970-11-21 04:59:31"
"2173","777","2002-04-19 14:17:55"
"2174","669","1990-05-17 18:29:54"
"2175","258","1984-09-18 13:51:57"
"2176","878","2005-05-29 09:11:40"
"2177","650","2009-03-09 04:22:22"
"2178","431","2009-09-11 22:45:35"
"2179","483","1998-03-25 02:14:20"
"2180","942","2009-06-04 14:30:30"
"2181","748","1981-01-26 13:13:19"
"2182","550","1984-07-22 03:13:27"
"2183","96","1978-01-14 02:33:40"
"2184","523","1988-11-03 19:24:31"
"2185","344","1996-06-04 02:35:35"
"2186","720","1990-07-28 23:59:36"
"2187","521","1998-05-30 05:07:37"
"2188","465","1980-07-05 19:44:48"
"2189","732","2013-10-15 13:45:36"
"2190","34","2009-03-05 15:31:11"
"2191","695","1981-10-02 01:39:46"
"2192","523","2020-12-11 17:48:15"
"2193","372","2003-09-25 02:33:12"
"2194","851","1983-10-11 16:52:55"
"2195","13","2000-09-15 06:27:13"
"2196","52","1993-12-22 07:05:39"
"2197","738","1991-06-04 14:15:44"
"2198","936","2020-11-16 02:41:58"
"2199","562","2009-12-08 21:22:18"
"2200","139","1972-08-15 08:31:53"
"2201","485","1977-11-05 13:25:23"
"2202","740","1999-04-14 22:24:47"
"2203","981","1985-02-01 09:37:09"
"2204","904","2004-05-03 19:27:09"
"2205","481","1996-05-11 13:19:30"
"2206","166","2006-09-16 11:38:00"
"2207","504","1988-06-30 05:51:22"
"2208","761","1976-04-09 04:05:07"
"2209","41","2000-05-30 21:26:35"
"2210","449","2014-07-13 00:18:05"
"2211","722","2019-08-22 21:25:23"
"2212","428","1988-09-21 03:35:27"
"2213","730","1990-01-07 23:26:09"
"2214","744","1980-02-15 14:19:08"
"2215","145","1995-08-03 17:53:23"
"2216","97","2007-09-15 09:10:41"
"2217","220","2009-11-14 08:38:51"
"2218","654","1970-01-21 17:19:31"
"2219","932","2014-06-21 06:09:46"
"2220","30","2006-08-28 11:46:01"
"2221","133","2003-10-21 16:59:56"
"2222","334","1990-12-22 16:00:14"
"2223","31","2005-08-25 20:38:13"
"2224","790","2002-04-08 12:49:51"
"2225","703","1980-11-29 20:42:32"
"2226","177","2003-02-22 15:09:42"
"2227","643","1977-02-20 10:21:55"
"2228","102","2005-10-06 22:33:53"
"2229","307","2009-08-12 04:42:56"
"2230","437","1998-05-10 21:25:30"
"2231","894","1990-11-26 01:31:43"
"2232","195","1975-01-25 05:10:49"
"2233","761","2010-06-20 06:37:53"
"2234","581","1984-04-01 20:49:09"
"2235","256","2003-12-29 04:39:17"
"2236","17","1980-11-16 20:35:25"
"2237","169","1975-01-23 20:44:46"
"2238","517","2003-04-24 11:02:02"
"2239","644","2016-01-18 18:05:45"
"2240","282","2003-07-23 20:20:39"
"2241","207","2014-04-10 01:44:54"
"2242","192","2018-02-03 10:29:46"
"2243","595","2016-09-30 21:23:41"
"2244","295","1971-11-19 11:26:51"
"2245","410","1985-12-14 20:49:37"
"2246","864","2013-11-20 09:35:41"
"2247","131","2019-02-02 05:56:14"
"2248","180","1976-08-07 15:05:57"
"2249","668","2004-03-27 15:38:16"
"2250","143","2012-09-24 19:38:16"
"2251","41","1993-06-30 00:48:09"
"2252","948","2016-05-18 14:49:07"
"2253","651","1983-07-16 02:57:03"
"2254","274","1976-06-03 13:35:52"
"2255","664","1997-02-02 10:38:10"
"2256","24","1996-03-29 14:16:01"
"2257","321","1977-05-26 10:11:04"
"2258","692","1992-05-23 12:09:48"
"2259","449","2018-10-09 17:33:35"
"2260","718","2021-02-19 01:38:13"
"2261","942","1997-07-06 21:00:04"
"2262","662","2009-08-28 23:36:10"
"2263","722","1974-11-10 23:40:43"
"2264","664","1991-11-10 07:58:53"
"2265","94","1993-01-13 13:58:04"
"2266","335","2014-05-03 11:55:12"
"2267","909","1990-10-08 14:00:58"
"2268","324","2000-11-09 18:15:59"
"2269","258","1973-01-24 07:23:29"
"2270","381","2010-10-25 04:48:44"
"2271","94","2014-05-20 05:27:47"
"2272","427","2010-09-19 12:53:01"
"2273","618","1997-10-12 17:37:26"
"2274","537","1992-06-15 06:20:21"
"2275","510","2011-01-15 06:44:59"
"2276","703","1990-12-08 02:14:03"
"2277","188","2017-12-30 03:57:38"
"2278","615","1986-11-29 06:31:34"
"2279","555","1998-11-27 20:22:54"
"2280","216","1981-06-13 08:11:01"
"2281","777","2000-09-12 02:56:21"
"2282","941","2017-07-30 19:56:37"
"2283","393","1982-10-14 12:49:23"
"2284","282","1992-01-13 21:47:20"
"2285","765","1979-07-17 15:53:45"
"2286","188","1978-12-04 09:41:55"
"2287","61","1976-12-03 01:01:39"
"2288","513","1974-10-05 13:48:06"
"2289","532","2021-10-26 00:05:00"
"2290","865","1993-10-18 21:48:31"
"2291","707","2017-11-01 05:03:07"
"2292","213","2008-04-16 13:53:01"
"2293","447","1984-05-14 20:02:49"
"2294","676","2007-04-11 16:29:51"
"2295","496","1997-11-06 04:51:36"
"2296","267","1972-04-20 02:38:07"
"2297","718","1992-09-21 19:54:06"
"2298","692","1985-06-15 03:40:48"
"2299","266","2008-09-15 15:57:55"
"2300","227","2006-11-02 11:53:40"
"2301","78","2004-07-10 11:03:39"
"2302","836","1996-03-26 05:41:42"
"2303","519","2012-10-17 09:21:19"
"2304","818","1987-02-08 22:17:51"
"2305","677","1977-06-09 02:42:23"
"2306","192","2005-05-15 20:47:19"
"2307","361","1975-11-04 03:37:43"
"2308","166","1982-02-01 19:23:41"
"2309","392","2021-06-01 22:55:02"
"2310","939","1977-02-14 18:25:07"
"2311","603","2007-09-10 16:49:04"
"2312","419","2000-12-07 01:02:04"
"2313","151","1970-03-05 22:45:41"
"2314","177","1974-03-04 01:16:47"
"2315","809","1999-03-02 10:29:28"
"2316","231","2002-06-06 12:40:19"
"2317","88","1988-06-26 10:35:55"
"2318","375","1973-02-01 05:56:08"
"2319","918","2012-08-26 22:59:10"
"2320","108","1985-10-05 06:55:25"
"2321","106","1984-05-04 21:39:21"
"2322","320","1987-05-18 05:16:08"
"2323","919","1979-06-30 11:18:06"
"2324","780","2019-09-18 08:39:09"
"2325","491","2012-07-01 09:14:50"
"2326","44","1974-06-30 00:33:35"
"2327","909","1978-09-26 13:19:28"
"2328","135","1996-09-29 18:50:46"
"2329","62","2011-01-06 05:04:28"
"2330","591","2012-10-17 06:14:59"
"2331","167","2015-12-14 09:05:02"
"2332","666","2003-02-21 23:47:10"
"2333","866","2001-01-25 11:07:06"
"2334","948","2015-08-06 08:03:08"
"2335","668","2020-06-25 11:21:30"
"2336","861","1979-07-15 10:58:37"
"2337","480","2021-01-05 18:25:03"
"2338","312","1984-08-06 20:22:14"
"2339","454","2011-06-17 22:21:27"
"2340","71","2013-05-12 08:58:00"
"2341","178","1985-07-04 02:52:18"
"2342","441","1973-07-06 20:26:47"
"2343","566","1989-01-17 16:50:26"
"2344","997","2014-07-01 11:30:20"
"2345","157","1984-05-19 20:30:17"
"2346","691","1985-01-14 04:53:07"
"2347","262","1986-11-10 15:43:06"
"2348","416","1975-09-29 09:57:07"
"2349","749","1980-09-20 13:53:22"
"2350","767","1979-02-14 08:50:10"
"2351","269","1982-08-30 21:18:38"
"2352","917","2008-07-10 07:21:40"
"2353","996","1995-06-09 20:14:34"
"2354","546","2016-10-25 06:11:04"
"2355","781","1982-11-08 12:03:33"
"2356","293","2007-06-30 13:57:10"
"2357","787","2001-04-29 06:35:13"
"2358","309","2011-09-28 17:19:32"
"2359","644","2021-04-10 00:18:59"
"2360","310","1991-08-20 08:35:01"
"2361","520","1996-09-21 18:25:59"
"2362","87","1992-06-04 19:31:38"
"2363","619","2017-11-25 05:58:26"
"2364","392","1985-11-08 06:37:05"
"2365","782","2015-01-25 16:43:14"
"2366","773","1980-05-17 21:40:53"
"2367","126","2007-08-09 17:46:24"
"2368","600","2003-01-02 14:12:58"
"2369","522","2008-10-15 08:42:26"
"2370","333","2013-11-13 00:05:38"
"2371","877","2015-11-11 10:35:35"
"2372","617","1977-08-29 02:45:14"
"2373","160","1982-04-18 02:54:55"
"2374","966","1986-11-03 11:31:12"
"2375","849","2010-08-07 07:52:13"
"2376","791","1975-08-20 14:19:12"
"2377","798","1985-01-02 01:26:56"
"2378","353","1982-05-22 03:55:39"
"2379","549","1975-06-05 06:03:18"
"2380","613","1993-09-13 05:12:06"
"2381","982","1987-04-05 23:24:46"
"2382","897","1992-07-05 09:56:53"
"2383","975","1993-04-23 02:44:30"
"2384","954","1973-01-19 22:38:20"
"2385","188","1975-04-15 15:48:07"
"2386","471","1970-06-24 03:20:03"
"2387","29","1987-05-10 15:05:04"
"2388","601","1993-01-09 03:27:11"
"2389","854","1975-05-30 15:32:48"
"2390","163","1973-01-04 12:34:53"
"2391","418","2009-02-24 02:36:46"
"2392","669","2002-06-19 16:53:12"
"2393","176","2008-06-07 20:35:00"
"2394","955","1985-08-20 07:46:21"
"2395","793","1973-07-31 08:27:18"
"2396","498","1984-02-16 00:28:35"
"2397","382","1985-05-09 13:18:43"
"2398","916","2017-08-31 18:57:41"
"2399","430","1987-08-20 04:15:18"
"2400","14","1986-12-30 21:05:46"
"2401","152","2004-03-13 20:29:05"
"2402","157","1975-06-26 07:43:56"
"2403","4","2008-04-30 13:03:48"
"2404","310","1982-10-11 16:15:11"
"2405","590","1987-04-10 21:35:32"
"2406","707","1987-10-16 08:19:01"
"2407","969","1992-07-06 18:04:03"
"2408","383","2013-01-02 03:06:31"
"2409","906","2014-06-11 23:53:06"
"2410","398","1991-05-11 02:41:44"
"2411","627","1989-02-01 21:09:10"
"2412","276","2005-04-04 23:17:57"
"2413","942","2011-12-11 13:15:59"
"2414","441","1991-11-08 05:40:56"
"2415","394","1973-02-17 16:38:15"
"2416","163","1974-11-28 14:14:54"
"2417","43","1975-05-28 06:20:00"
"2418","760","1991-01-12 05:52:31"
"2419","188","1986-01-28 23:33:53"
"2420","785","1987-07-21 01:54:04"
"2421","765","1974-07-06 03:33:34"
"2422","4","1996-11-27 04:23:04"
"2423","959","2017-09-30 21:08:02"
"2424","76","2011-04-27 07:13:23"
"2425","194","1980-06-08 18:57:47"
"2426","894","2008-10-27 19:57:24"
"2427","299","2015-06-08 13:03:18"
"2428","602","1992-01-27 23:44:22"
"2429","283","1992-02-29 02:48:05"
"2430","780","1990-04-16 01:49:24"
"2431","250","1974-03-12 01:51:13"
"2432","265","2007-05-13 13:42:46"
"2433","50","1974-11-23 08:43:19"
"2434","279","2009-07-04 09:16:52"
"2435","814","1976-08-07 18:23:49"
"2436","237","2005-12-03 01:09:09"
"2437","956","1988-04-30 22:20:04"
"2438","614","1975-08-23 15:49:45"
"2439","190","1992-06-26 07:45:56"
"2440","503","1992-09-14 10:24:46"
"2441","276","1988-08-21 21:57:26"
"2442","698","1997-06-14 04:54:01"
"2443","826","2000-04-25 01:50:42"
"2444","994","1976-06-22 01:25:43"
"2445","429","2004-05-17 16:35:16"
"2446","472","1982-03-18 16:39:35"
"2447","114","2008-12-06 22:24:39"
"2448","726","2020-10-17 13:40:34"
"2449","367","1971-04-10 13:28:11"
"2450","824","1987-01-27 19:09:24"
"2451","70","1980-03-21 15:18:23"
"2452","451","1984-09-15 10:36:28"
"2453","859","1989-02-07 20:55:05"
"2454","249","1972-04-01 13:45:25"
"2455","965","2000-11-20 20:31:59"
"2456","277","1982-11-16 08:27:24"
"2457","107","1998-08-21 12:07:39"
"2458","882","2004-02-01 13:56:48"
"2459","326","2004-10-01 01:24:12"
"2460","448","1982-08-27 14:17:34"
"2461","411","2003-04-03 19:44:12"
"2462","791","1978-02-12 05:52:44"
"2463","845","1989-01-18 02:06:02"
"2464","585","1998-10-26 10:46:02"
"2465","983","2015-05-27 11:19:17"
"2466","702","1982-06-02 03:39:59"
"2467","472","1996-09-20 06:05:03"
"2468","807","2014-04-21 19:23:44"
"2469","722","2020-12-16 17:20:18"
"2470","610","1996-04-03 16:21:55"
"2471","321","1985-05-26 11:34:29"
"2472","131","2015-01-11 14:26:23"
"2473","944","1988-03-23 07:19:50"
"2474","958","2013-06-20 10:25:21"
"2475","459","2017-09-06 06:28:48"
"2476","854","1977-09-16 05:42:17"
"2477","485","1978-11-21 10:23:50"
"2478","639","2012-07-15 07:03:48"
"2479","875","2003-12-24 07:03:36"
"2480","913","2012-01-16 02:27:00"
"2481","16","2014-10-09 12:20:44"
"2482","595","1991-05-05 16:42:16"
"2483","803","2005-05-28 01:07:16"
"2484","822","1972-07-07 08:42:53"
"2485","367","1979-12-17 00:07:36"
"2486","188","2012-05-07 23:17:16"
"2487","140","1970-11-14 06:39:46"
"2488","98","2007-09-18 18:28:50"
"2489","784","1995-03-14 12:27:59"
"2490","273","1982-07-26 17:28:14"
"2491","316","1970-09-29 21:28:49"
"2492","666","1973-02-25 09:20:56"
"2493","716","1980-11-09 16:11:45"
"2494","359","2000-10-04 13:40:54"
"2495","685","1988-02-05 12:11:01"
"2496","32","1973-06-05 09:30:50"
"2497","795","1976-09-27 14:08:37"
"2498","806","2017-07-29 18:38:31"
"2499","511","2012-07-24 03:15:50"
